,Mar-2026,Feb-2026,Jan-2026,Dec-2025,Nov-2025,Oct-2025,Sep-2025,Aug-2025,Jul-2025,Jun-2025,May-2025,Apr-2025,Mar-2025,Feb-2025,Jan-2025,Dec-2024,Nov-2024,Oct-2024,Sep-2024,Aug-2024,Jul-2024,Jun-2024,May-2024,Apr-2024,Mar-2024,Feb-2024,Jan-2024,Dec-2023,Nov-2023,Oct-2023,Sep-2023,Aug-2023,Jul-2023,Jun-2023,May-2023,Apr-2023,Mar-2023,Feb-2023,Jan-2023,Dec-2022,Nov-2022,Oct-2022,Sep-2022,Aug-2022,Jul-2022,Jun-2022,May-2022,Apr-2022,Mar-2022,Feb-2022,Jan-2022
Salary,"ג‚¹2,82,872","ג‚¹3,15,364","ג‚¹3,04,857","ג‚¹3,43,203","ג‚¹2,31,348","ג‚¹2,78,399","ג‚¹2,78,399","ג‚¹2,43,679","ג‚¹2,43,679","ג‚¹2,43,679","ג‚¹3,69,696","ג‚¹2,60,837","ג‚¹2,60,081","ג‚¹2,61,752","ג‚¹2,63,001","ג‚¹3,00,309","ג‚¹4,07,002","ג‚¹2,47,932","ג‚¹2,47,932","ג‚¹2,47,932","ג‚¹2,47,932","ג‚¹2,47,932","ג‚¹2,47,932","ג‚¹20,200",ג‚¹0,"ג‚¹1,64,498","ג‚¹2,43,809","ג‚¹2,23,831","ג‚¹71,676","ג‚¹1,50,017","ג‚¹1,13,265","ג‚¹1,40,231","ג‚¹1,62,635","ג‚¹1,46,180","ג‚¹1,23,542","ג‚¹1,40,692","ג‚¹1,52,027","ג‚¹1,52,184","ג‚¹1,50,626","ג‚¹2,21,183","ג‚¹1,61,856","ג‚¹1,57,191","ג‚¹1,54,148","ג‚¹1,58,782","ג‚¹1,56,610","ג‚¹1,53,797","ג‚¹1,39,372","ג‚¹1,04,025","ג‚¹1,34,160","ג‚¹90,132","ג‚¹1,37,207"
Employer Salary,"ג‚¹2,82,872","ג‚¹2,82,872","ג‚¹2,78,560","ג‚¹2,94,219","ג‚¹1,83,910","ג‚¹2,55,711","ג‚¹2,55,711","ג‚¹2,43,679","ג‚¹2,43,679","ג‚¹2,43,679","ג‚¹3,69,696","ג‚¹2,60,837","ג‚¹2,57,706","ג‚¹2,59,752","ג‚¹2,59,751","ג‚¹2,59,751","ג‚¹4,07,002","ג‚¹2,47,932","ג‚¹2,47,932","ג‚¹2,47,932","ג‚¹2,47,932","ג‚¹2,47,932","ג‚¹2,47,932",ג‚¹0,ג‚¹0,"ג‚¹1,64,498","ג‚¹2,43,809","ג‚¹2,23,831","ג‚¹71,676","ג‚¹1,40,349","ג‚¹1,07,865","ג‚¹1,40,231","ג‚¹1,40,182","ג‚¹1,26,830","ג‚¹1,04,285","ג‚¹1,22,667","ג‚¹1,23,227","ג‚¹1,32,771","ג‚¹1,42,868","ג‚¹1,42,951","ג‚¹1,43,001","ג‚¹1,43,043","ג‚¹1,43,078","ג‚¹1,43,110","ג‚¹1,43,110","ג‚¹1,43,137","ג‚¹1,39,372","ג‚¹1,04,025","ג‚¹1,34,160","ג‚¹90,132","ג‚¹1,37,207"
Gross Salary,"ג‚¹4,05,325","ג‚¹4,05,325","ג‚¹3,99,130","ג‚¹4,34,317","ג‚¹7,72,916","ג‚¹3,61,355","ג‚¹3,61,355","ג‚¹3,41,667","ג‚¹3,41,667","ג‚¹3,41,667","ג‚¹5,24,830","ג‚¹3,38,667","ג‚¹3,68,101","ג‚¹3,38,667","ג‚¹3,38,667","ג‚¹3,38,667","ג‚¹4,96,712","ג‚¹3,25,000","ג‚¹3,25,000","ג‚¹3,25,000","ג‚¹3,25,000","ג‚¹3,25,000","ג‚¹3,25,000",ג‚¹0,ג‚¹0,"ג‚¹1,77,037","ג‚¹2,87,337","ג‚¹2,87,337","ג‚¹83,421","ג‚¹1,75,042","ג‚¹2,94,025","ג‚¹1,75,042","ג‚¹1,75,042","ג‚¹1,89,037","ג‚¹2,92,236","ג‚¹1,76,042","ג‚¹1,75,042","ג‚¹2,07,210","ג‚¹1,75,042","ג‚¹1,75,042","ג‚¹1,75,042","ג‚¹1,75,042","ג‚¹1,75,042","ג‚¹1,75,042","ג‚¹1,75,042","ג‚¹1,75,042","ג‚¹1,79,508","ג‚¹2,92,875","ג‚¹1,54,315","ג‚¹1,54,315","ג‚¹1,59,308"
Taxes,"ג‚¹97,503","ג‚¹97,503","ג‚¹95,570","ג‚¹1,02,648","ג‚¹2,11,411","ג‚¹82,744","ג‚¹82,744","ג‚¹77,288","ג‚¹77,288","ג‚¹77,288","ג‚¹1,34,434","ג‚¹54,930","ג‚¹58,061","ג‚¹56,015","ג‚¹56,016","ג‚¹56,016","ג‚¹56,016","ג‚¹73,268","ג‚¹73,268","ג‚¹73,268","ג‚¹73,268","ג‚¹73,268","ג‚¹73,268",ג‚¹0,ג‚¹0,ג‚¹0,"ג‚¹28,508","ג‚¹48,506","ג‚¹7,248","ג‚¹25,093","ג‚¹62,278","ג‚¹25,211","ג‚¹25,260","ג‚¹28,983","ג‚¹61,157","ג‚¹42,775","ג‚¹42,215","ג‚¹32,671","ג‚¹22,554","ג‚¹22,491","ג‚¹22,441","ג‚¹22,399","ג‚¹22,364","ג‚¹22,332","ג‚¹22,332","ג‚¹22,305","ג‚¹26,070","ג‚¹61,417","ג‚¹8,555","ג‚¹52,583","ג‚¹12,501"
Prof tax,ג‚¹200,ג‚¹200,ג‚¹200,ג‚¹200,ג‚¹200,ג‚¹200,ג‚¹200,ג‚¹200,ג‚¹200,ג‚¹200,ג‚¹200,ג‚¹200,ג‚¹200,ג‚¹200,ג‚¹200,ג‚¹200,ג‚¹400,ג‚¹200,ג‚¹200,ג‚¹200,ג‚¹200,ג‚¹200,ג‚¹200,ג‚¹0,ג‚¹0,ג‚¹200,ג‚¹200,ג‚¹200,ג‚¹200,ג‚¹200,ג‚¹200,ג‚¹200,ג‚¹200,ג‚¹200,ג‚¹200,ג‚¹200,ג‚¹200,ג‚¹200,ג‚¹200,ג‚¹200,ג‚¹200,ג‚¹200,ג‚¹200,ג‚¹200,ג‚¹200,ג‚¹200,ג‚¹200,ג‚¹200,ג‚¹200,ג‚¹200,ג‚¹200
Other Deduction,ג‚¹0,ג‚¹0,ג‚¹50,"ג‚¹12,500",ג‚¹0,ג‚¹0,ג‚¹0,ג‚¹0,ג‚¹0,ג‚¹0,ג‚¹0,ג‚¹0,ג‚¹0,ג‚¹0,ג‚¹0,ג‚¹0,ג‚¹0,ג‚¹0,ג‚¹0,ג‚¹0,ג‚¹0,ג‚¹0,ג‚¹0,ג‚¹0,ג‚¹0,"ג‚¹4,700",ג‚¹20,ג‚¹0,ג‚¹0,ג‚¹0,"ג‚¹10,365",ג‚¹0,ג‚¹0,"ג‚¹9,629",ג‚¹0,"ג‚¹1,000",ג‚¹0,ג‚¹0,ג‚¹20,ג‚¹0,ג‚¹0,ג‚¹0,ג‚¹0,ג‚¹0,ג‚¹0,ג‚¹0,ג‚¹0,ג‚¹0,"ג‚¹2,000","ג‚¹2,000",ג‚¹0
EPF+VPF,"ג‚¹22,550","ג‚¹22,550","ג‚¹22,550","ג‚¹22,550","ג‚¹22,550","ג‚¹20,500","ג‚¹20,500","ג‚¹20,500","ג‚¹20,500","ג‚¹20,500","ג‚¹20,500","ג‚¹20,500","ג‚¹20,500","ג‚¹20,500","ג‚¹20,500","ג‚¹20,500","ג‚¹30,067","ג‚¹3,600","ג‚¹3,600","ג‚¹3,600","ג‚¹3,600","ג‚¹3,600","ג‚¹3,600",ג‚¹0,ג‚¹0,"ג‚¹7,639","ג‚¹14,800","ג‚¹14,800","ג‚¹4,297","ג‚¹7,200","ג‚¹7,200","ג‚¹7,200","ג‚¹7,200","ג‚¹7,200","ג‚¹7,200","ג‚¹7,200","ג‚¹7,200","ג‚¹7,200","ג‚¹7,200","ג‚¹7,200","ג‚¹7,200","ג‚¹7,200","ג‚¹7,200","ג‚¹7,200","ג‚¹7,200","ג‚¹7,200","ג‚¹7,200","ג‚¹7,200","ג‚¹7,200","ג‚¹7,200","ג‚¹7,200"
Meal Allowance,"ג‚¹2,200","ג‚¹2,200","ג‚¹2,200","ג‚¹2,200","ג‚¹2,200","ג‚¹2,200","ג‚¹2,200",ג‚¹0,ג‚¹0,ג‚¹0,ג‚¹0,"ג‚¹2,200","ג‚¹2,200","ג‚¹2,200","ג‚¹2,200","ג‚¹2,200","ג‚¹3,227",ג‚¹0,ג‚¹0,ג‚¹0,ג‚¹0,ג‚¹0,ג‚¹0,ג‚¹0,ג‚¹0,ג‚¹0,ג‚¹0,ג‚¹0,ג‚¹0,"ג‚¹2,200","ג‚¹2,200","ג‚¹2,200","ג‚¹2,200","ג‚¹2,200","ג‚¹2,200","ג‚¹2,200","ג‚¹2,200","ג‚¹2,200","ג‚¹2,200","ג‚¹2,200","ג‚¹2,200","ג‚¹2,200","ג‚¹2,200","ג‚¹2,200","ג‚¹2,200","ג‚¹2,200","ג‚¹2,200","ג‚¹2,200","ג‚¹2,200","ג‚¹2,200","ג‚¹2,200"
Variable Pay/Bonus(Don't use in calc),ג‚¹0,ג‚¹0,ג‚¹0,ג‚¹0,"ג‚¹3,52,645",ג‚¹0,ג‚¹0,ג‚¹0,ג‚¹0,ג‚¹0,ג‚¹0,ג‚¹0,"ג‚¹29,434",ג‚¹0,ג‚¹0,ג‚¹0,ג‚¹0,ג‚¹0,ג‚¹0,ג‚¹0,ג‚¹0,ג‚¹0,ג‚¹0,,ג‚¹0,ג‚¹0,ג‚¹0,ג‚¹0,ג‚¹0,ג‚¹0,"ג‚¹1,03,917",ג‚¹0,ג‚¹0,"ג‚¹13,995","ג‚¹1,17,194",ג‚¹0,ג‚¹0,"ג‚¹32,168",ג‚¹0,ג‚¹0,ג‚¹0,ג‚¹0,ג‚¹0,ג‚¹0,ג‚¹0,ג‚¹0,"ג‚¹4,466","ג‚¹1,17,833",ג‚¹0,ג‚¹0,ג‚¹0
"Incentives(Oncall, Reim., gift card, Inc in Salary & mediclaim)",ג‚¹0,"ג‚¹32,492","ג‚¹26,297","ג‚¹48,984","ג‚¹47,438","ג‚¹22,688","ג‚¹22,688",ג‚¹0,ג‚¹0,ג‚¹0,ג‚¹0,ג‚¹0,"ג‚¹2,375","ג‚¹2,000","ג‚¹3,250","ג‚¹40,558",ג‚¹0,ג‚¹0,ג‚¹0,ג‚¹0,ג‚¹0,ג‚¹0,ג‚¹0,"ג‚¹20,200",ג‚¹0,ג‚¹0,ג‚¹0,ג‚¹0,ג‚¹0,ג‚¹0,ג‚¹0,ג‚¹0,ג‚¹0,ג‚¹0,"ג‚¹19,257","ג‚¹2,050",ג‚¹0,ג‚¹0,ג‚¹0,"ג‚¹24,297",ג‚¹0,ג‚¹0,ג‚¹0,"ג‚¹15,672",ג‚¹0,ג‚¹0,ג‚¹0,ג‚¹0,ג‚¹0,ג‚¹0,ג‚¹0
Freelance Income(Inc in Salary),ג‚¹0,ג‚¹0,ג‚¹0,ג‚¹0,ג‚¹0,ג‚¹0,ג‚¹0,ג‚¹0,ג‚¹0,ג‚¹0,ג‚¹0,ג‚¹0,ג‚¹0,ג‚¹0,ג‚¹0,ג‚¹0,ג‚¹0,ג‚¹0,ג‚¹0,ג‚¹0,ג‚¹0,ג‚¹0,ג‚¹0,ג‚¹0,ג‚¹0,ג‚¹0,ג‚¹0,ג‚¹0,ג‚¹0,"ג‚¹9,668","ג‚¹5,400",ג‚¹0,"ג‚¹22,453","ג‚¹19,350",ג‚¹0,"ג‚¹15,975","ג‚¹28,800","ג‚¹19,413","ג‚¹7,758","ג‚¹53,935","ג‚¹18,855","ג‚¹14,148","ג‚¹11,070",ג‚¹0,"ג‚¹13,500","ג‚¹10,660",ג‚¹0,ג‚¹0,ג‚¹0,ג‚¹0,ג‚¹0
12% Interest+refer,ג‚¹0,ג‚¹0,ג‚¹0,ג‚¹0,ג‚¹0,ג‚¹0,ג‚¹0,ג‚¹0,ג‚¹0,ג‚¹0,ג‚¹0,ג‚¹0,ג‚¹0,ג‚¹0,ג‚¹0,ג‚¹0,ג‚¹0,ג‚¹0,ג‚¹0,ג‚¹0,ג‚¹0,ג‚¹0,ג‚¹0,ג‚¹0,ג‚¹0,ג‚¹0,ג‚¹0,ג‚¹0,ג‚¹0,ג‚¹0,ג‚¹0,ג‚¹0,ג‚¹0,ג‚¹0,ג‚¹0,ג‚¹0,"ג‚¹1,298","ג‚¹2,009","ג‚¹3,170","ג‚¹3,299","ג‚¹3,339","ג‚¹3,640","ג‚¹3,357","ג‚¹2,628",ג‚¹0,ג‚¹0,ג‚¹0,ג‚¹0,ג‚¹0,ג‚¹0,ג‚¹0
"Interest Earn + Redeem
(tradecred,mf,12%)",ג‚¹0,ג‚¹0,ג‚¹0,ג‚¹0,ג‚¹0,ג‚¹0,ג‚¹0,ג‚¹0,ג‚¹0,ג‚¹0,ג‚¹0,ג‚¹0,ג‚¹0,ג‚¹0,ג‚¹0,ג‚¹0,ג‚¹0,"ג‚¹4,21,419",ג‚¹0,"ג‚¹31,129",ג‚¹0,ג‚¹0,"ג‚¹20,588","ג‚¹76,580",ג‚¹0,ג‚¹0,ג‚¹224,"ג‚¹2,595",ג‚¹0,ג‚¹0,"ג‚¹2,479","ג‚¹2,683",ג‚¹0,"ג‚¹18,856","ג‚¹22,772","ג‚¹5,911","ג‚¹1,51,772","ג‚¹1,02,652","ג‚¹1,02,068","ג‚¹6,240","ג‚¹71,403",ג‚¹0,"ג‚¹73,325",ג‚¹0,ג‚¹0,ג‚¹0,ג‚¹0,ג‚¹0,ג‚¹0,ג‚¹0,ג‚¹0
fd Rd redeemed ,ג‚¹0,ג‚¹0,ג‚¹0,ג‚¹0,ג‚¹0,ג‚¹0,ג‚¹0,ג‚¹0,ג‚¹0,ג‚¹0,ג‚¹0,ג‚¹0,"ג‚¹1,15,476","ג‚¹57,738",ג‚¹0,"ג‚¹57,162","ג‚¹1,30,416","ג‚¹1,30,416",ג‚¹0,ג‚¹0,ג‚¹0,ג‚¹0,ג‚¹0,"ג‚¹1,57,159",ג‚¹0,ג‚¹0,ג‚¹0,ג‚¹0,ג‚¹0,ג‚¹0,ג‚¹0,ג‚¹0,ג‚¹0,ג‚¹0,ג‚¹0,ג‚¹0,ג‚¹0,ג‚¹0,ג‚¹0,"ג‚¹33,218","ג‚¹48,462","ג‚¹22,075",ג‚¹0,ג‚¹0,ג‚¹0,ג‚¹0,ג‚¹0,ג‚¹0,ג‚¹0,ג‚¹0,ג‚¹0
Salary,"ג‚¹2,82,872","ג‚¹3,15,364","ג‚¹3,04,857","ג‚¹3,43,203","ג‚¹2,31,348","ג‚¹2,78,399","ג‚¹2,78,399","ג‚¹2,43,679","ג‚¹2,43,679","ג‚¹2,43,679","ג‚¹3,69,696","ג‚¹2,60,837","ג‚¹2,60,081","ג‚¹2,61,752","ג‚¹2,63,001","ג‚¹3,00,309","ג‚¹4,07,002","ג‚¹2,47,932","ג‚¹2,47,932","ג‚¹2,47,932","ג‚¹2,47,932","ג‚¹2,47,932","ג‚¹2,47,932","ג‚¹20,200",ג‚¹0,"ג‚¹1,64,498","ג‚¹2,43,809","ג‚¹2,23,831","ג‚¹71,676","ג‚¹1,50,017","ג‚¹1,13,265","ג‚¹1,40,231","ג‚¹1,62,635","ג‚¹1,46,180","ג‚¹1,23,542","ג‚¹1,40,692","ג‚¹1,52,027","ג‚¹1,84,352","ג‚¹1,50,626","ג‚¹2,21,183","ג‚¹1,61,856","ג‚¹1,57,191","ג‚¹1,54,148","ג‚¹1,58,782","ג‚¹1,56,610","ג‚¹1,53,797","ג‚¹1,43,838","ג‚¹2,21,858","ג‚¹1,34,160","ג‚¹90,132","ג‚¹1,37,207"
After Bills,"ג‚¹1,84,082","ג‚¹1,66,574","ג‚¹1,97,675","ג‚¹1,77,357","ג‚¹1,31,681","ג‚¹1,04,378","ג‚¹1,48,581","ג‚¹1,15,012","ג‚¹1,40,077","ג‚¹1,39,842","ג‚¹2,55,616","ג‚¹82,532","ג‚¹1,34,358","ג‚¹1,56,957","ג‚¹1,43,832","ג‚¹14,727","ג‚¹2,62,115","ג‚¹65,547","ג‚¹1,51,311","ג‚¹1,16,872","ג‚¹1,38,050","ג‚¹1,98,632","ג‚¹1,82,670","-ג‚¹48,757","-ג‚¹254,587","ג‚¹86,477","ג‚¹2,17,088","ג‚¹1,61,228","-ג‚¹29,258","ג‚¹77,279","ג‚¹59,090","ג‚¹84,883","-ג‚¹35,751","ג‚¹85,642","ג‚¹68,500","ג‚¹1,08,046","ג‚¹1,12,566","ג‚¹1,51,583","ג‚¹1,13,515","ג‚¹1,40,939","ג‚¹96,809","ג‚¹1,15,105","ג‚¹82,756","ג‚¹98,780",,,,,,,
Lending,ג‚¹0,ג‚¹0,"-ג‚¹245,000","-ג‚¹100,000","ג‚¹1,00,000",ג‚¹0,"ג‚¹2,50,000","ג‚¹31,510","-ג‚¹40,000","ג‚¹25,000",ג‚¹0,"ג‚¹39,000","-ג‚¹60,000","-ג‚¹200,000","-ג‚¹800,000","ג‚¹1,10,000","ג‚¹1,50,000","ג‚¹5,00,000","ג‚¹2,40,000",ג‚¹0,"-ג‚¹48,000",ג‚¹0,ג‚¹0,"-ג‚¹50,000","-ג‚¹50,000","-ג‚¹50,000","-ג‚¹43,000","ג‚¹3,00,000",ג‚¹0,ג‚¹0,"ג‚¹8,383","-ג‚¹40,000","-ג‚¹75,000","-ג‚¹50,000",ג‚¹0,"ג‚¹1,00,000",ג‚¹0,"ג‚¹10,000","ג‚¹2,00,000",ג‚¹0,"-ג‚¹17,158","ג‚¹34,376","ג‚¹37,782","ג‚¹25,000",,,,,,,
Available for month,"ג‚¹1,45,082","-ג‚¹122,426","ג‚¹3,01,675","ג‚¹1,79,357","-ג‚¹186,319",ג‚¹596,"-ג‚¹211,419","-ג‚¹26,498","ג‚¹69,077","-ג‚¹176,158","ג‚¹1,64,616","-ג‚¹47,468","ג‚¹1,44,809","ג‚¹3,12,695","ג‚¹8,41,832","-ג‚¹145,111","ג‚¹1,35,531","ג‚¹70,382","-ג‚¹232,189","ג‚¹1,66,008","ג‚¹1,34,550","ג‚¹1,07,132","ג‚¹1,51,758","ג‚¹1,82,482","-ג‚¹176,269","ג‚¹71,477","ג‚¹1,95,312","-ג‚¹241,177","-ג‚¹102,258","ג‚¹7,279","-ג‚¹11,314","ג‚¹57,566","-ג‚¹31,751","ג‚¹4,998","ג‚¹21,772","-ג‚¹61,543","ג‚¹8,536","ג‚¹1,22,744","-ג‚¹137,747","ג‚¹1,106","ג‚¹74,007","ג‚¹40,644","ג‚¹22,156","-ג‚¹13,592",,,,,,,
Surplus,"ג‚¹16,80,450","ג‚¹18,02,876","ג‚¹15,01,201","ג‚¹13,21,844","ג‚¹15,08,163","ג‚¹15,07,567","ג‚¹17,18,986","ג‚¹17,45,484","ג‚¹16,76,407","ג‚¹18,52,565","ג‚¹16,87,949","ג‚¹17,35,417","ג‚¹15,90,608","ג‚¹12,77,913","ג‚¹4,36,081","ג‚¹5,81,192","ג‚¹4,45,661","ג‚¹3,75,279","ג‚¹6,07,468","ג‚¹4,41,460","ג‚¹3,06,910","ג‚¹1,99,778","ג‚¹48,020","-ג‚¹134,462","ג‚¹41,807","-ג‚¹29,670","-ג‚¹224,982","ג‚¹16,195","ג‚¹1,18,453","ג‚¹1,11,174","ג‚¹1,22,488","ג‚¹64,922","ג‚¹96,673","ג‚¹91,675","ג‚¹69,903","ג‚¹1,31,446","ג‚¹1,22,910",ג‚¹166,"ג‚¹1,37,913","ג‚¹1,36,807","ג‚¹62,800","ג‚¹22,156",ג‚¹0,,,,,,,,
"Total Avl: 
Month + Surplus","ג‚¹18,25,532","ג‚¹16,80,450","ג‚¹18,02,876","ג‚¹15,01,201","ג‚¹13,21,844","ג‚¹15,08,163","ג‚¹15,07,567","ג‚¹17,18,986","ג‚¹17,45,484","ג‚¹16,76,407","ג‚¹18,52,565","ג‚¹16,87,949","ג‚¹17,35,417","ג‚¹15,90,608","ג‚¹12,77,913","ג‚¹4,36,081","ג‚¹5,81,192","ג‚¹4,45,661","ג‚¹3,75,279","ג‚¹6,07,468","ג‚¹4,41,460","ג‚¹3,06,910","ג‚¹1,99,778","ג‚¹48,020","-ג‚¹134,462","ג‚¹41,807","-ג‚¹29,670","-ג‚¹224,982","ג‚¹16,195","ג‚¹1,18,453","ג‚¹1,11,174","ג‚¹1,22,488","ג‚¹64,922","ג‚¹96,673","ג‚¹91,675","ג‚¹69,903","ג‚¹1,31,446","ג‚¹1,22,910",ג‚¹166,"ג‚¹1,37,913","ג‚¹1,36,807","ג‚¹62,800","ג‚¹22,156",ג‚¹0,,,,,,,
Approx Bank Balance,"ג‚¹8,21,406","ג‚¹7,00,073","ג‚¹8,81,409","ג‚¹6,26,805","ג‚¹4,85,564","ג‚¹3,55,397","ג‚¹3,72,584","ג‚¹9,31,529","ג‚¹13,10,843","ג‚¹12,37,637","ג‚¹14,15,614","ג‚¹12,09,742","ג‚¹16,30,262","ג‚¹13,83,860","ג‚¹11,19,537","ג‚¹3,90,618","ג‚¹3,37,084","ג‚¹6,09,617","ג‚¹6,66,613","ג‚¹8,57,893","ג‚¹7,37,801","ג‚¹5,17,090","ג‚¹4,84,201","ג‚¹3,62,764","ג‚¹2,48,153","ג‚¹4,29,389","ג‚¹5,51,694","ג‚¹2,54,170","ג‚¹3,33,784","ג‚¹4,62,753","ג‚¹4,15,809","ג‚¹3,09,545","ג‚¹2,34,053","ג‚¹2,00,193","ג‚¹2,27,204","ג‚¹89,934","ג‚¹1,60,088","ג‚¹1,53,717","ג‚¹32,115","ג‚¹3,17,395","ג‚¹2,81,205","ג‚¹2,00,417","ג‚¹1,23,426","ג‚¹87,131",,,,,,,
Investment Target As per Comp Salary (50%),"ג‚¹1,42,000","ג‚¹1,42,000","ג‚¹1,40,000","ג‚¹1,48,000","ג‚¹92,000","ג‚¹1,28,000","ג‚¹1,28,000","ג‚¹1,22,000","ג‚¹1,22,000","ג‚¹1,22,000","ג‚¹1,85,000","ג‚¹1,31,000","ג‚¹1,29,000","ג‚¹1,30,000","ג‚¹1,30,000","ג‚¹1,30,000","ג‚¹2,04,000","ג‚¹1,24,000","ג‚¹1,24,000","ג‚¹1,24,000","ג‚¹1,24,000","ג‚¹1,24,000","ג‚¹1,24,000",ג‚¹0,ג‚¹0,"ג‚¹83,000","ג‚¹1,22,000","ג‚¹1,12,000","ג‚¹36,000","ג‚¹71,000","ג‚¹54,000","ג‚¹71,000","ג‚¹71,000","ג‚¹64,000","ג‚¹53,000","ג‚¹62,000","ג‚¹62,000","ג‚¹67,000","ג‚¹72,000","ג‚¹72,000","ג‚¹72,000","ג‚¹72,000","ג‚¹72,000","ג‚¹72,000",,,,,,,
Salary Investment Target Behind by,"ג‚¹1,03,000","-ג‚¹147,000","-ג‚¹1,000","ג‚¹50,000","-ג‚¹126,000","ג‚¹24,218","ג‚¹18,000","ג‚¹12,000","ג‚¹11,000","-ג‚¹169,000","ג‚¹94,000","ג‚¹40,000","-ג‚¹36,025","ג‚¹28,000","ג‚¹28,000","ג‚¹23,000","ג‚¹97,000","ג‚¹77,000","-ג‚¹19,500","ג‚¹1,42,007","ג‚¹72,500","ג‚¹32,500","ג‚¹72,500","-ג‚¹52,500","ג‚¹28,318","ג‚¹18,000","ג‚¹57,000","ג‚¹7,000","-ג‚¹37,000","ג‚¹1,000","-ג‚¹10,500","ג‚¹1,000",ג‚¹0,"-ג‚¹85,500","ג‚¹6,272","-ג‚¹7,589","-ג‚¹43,328","-ג‚¹56,500","-ג‚¹84,500","-ג‚¹110,590","-ג‚¹91,164","ג‚¹6,200","-ג‚¹27,500","-ג‚¹18,000",,,,,,,
,,,,,,,,,,,,,,,,,,,,,,,,,,,,,,,,,,,,,,,,,,,,,,,,,,,
Investment,"ג‚¹39,000","ג‚¹2,89,000","ג‚¹1,41,000","ג‚¹98,000","ג‚¹2,18,000","ג‚¹1,03,782","ג‚¹1,10,000","ג‚¹1,10,000","ג‚¹1,11,000","ג‚¹2,91,000","ג‚¹91,000","ג‚¹91,000","ג‚¹1,65,025","ג‚¹1,02,000","ג‚¹1,02,000","ג‚¹1,07,000","ג‚¹1,07,000","ג‚¹47,000","ג‚¹1,43,500","-ג‚¹18,007","ג‚¹51,500","ג‚¹91,500","ג‚¹51,500","ג‚¹52,500","-ג‚¹28,318","ג‚¹65,000","ג‚¹65,000","ג‚¹1,05,000","ג‚¹73,000","ג‚¹70,000","ג‚¹64,500","ג‚¹70,000","ג‚¹71,000","ג‚¹1,49,500","ג‚¹69,500","ג‚¹75,500","ג‚¹2,57,100","ג‚¹1,23,500","ג‚¹1,56,500","ג‚¹1,82,590","ג‚¹1,63,164","ג‚¹65,800","ג‚¹99,500","ג‚¹90,000",,,,,,,
Emergency Fund,ג‚¹0,ג‚¹0,ג‚¹0,ג‚¹0,ג‚¹0,ג‚¹0,ג‚¹0,ג‚¹0,ג‚¹0,ג‚¹0,ג‚¹0,ג‚¹0,ג‚¹0,ג‚¹0,ג‚¹0,ג‚¹0,ג‚¹0,ג‚¹0,ג‚¹0,ג‚¹0,ג‚¹0,ג‚¹0,ג‚¹0,ג‚¹0,ג‚¹0,ג‚¹0,ג‚¹0,ג‚¹0,ג‚¹0,ג‚¹0,ג‚¹0,ג‚¹0,ג‚¹0,"ג‚¹80,000",ג‚¹0,ג‚¹0,"ג‚¹1,00,000","ג‚¹50,000","ג‚¹3,000","ג‚¹13,000","ג‚¹30,000","ג‚¹15,000","ג‚¹35,000",ג‚¹0,,,,,,,
Zerodha Fund Credit,ג‚¹0,ג‚¹0,"ג‚¹1,02,000",ג‚¹0,ג‚¹0,ג‚¹0,ג‚¹0,ג‚¹0,ג‚¹0,ג‚¹0,ג‚¹0,ג‚¹0,ג‚¹0,ג‚¹0,ג‚¹0,ג‚¹0,ג‚¹0,ג‚¹0,ג‚¹0,"-ג‚¹143,400",ג‚¹0,"ג‚¹50,000",ג‚¹0,ג‚¹0,"-ג‚¹87,818",ג‚¹0,ג‚¹0,ג‚¹0,ג‚¹0,ג‚¹0,ג‚¹0,ג‚¹0,ג‚¹0,ג‚¹0,ג‚¹0,"ג‚¹5,000",ג‚¹0,"ג‚¹20,000",ג‚¹0,ג‚¹0,"ג‚¹24,238",ג‚¹0,ג‚¹0,ג‚¹0,,,,,,,
Smallcase,ג‚¹0,ג‚¹0,ג‚¹0,ג‚¹0,ג‚¹0,ג‚¹0,ג‚¹0,ג‚¹0,ג‚¹0,ג‚¹0,ג‚¹0,ג‚¹0,ג‚¹0,ג‚¹0,ג‚¹0,ג‚¹0,ג‚¹0,ג‚¹0,ג‚¹0,ג‚¹0,ג‚¹0,ג‚¹0,ג‚¹0,ג‚¹0,ג‚¹0,ג‚¹0,ג‚¹0,ג‚¹0,ג‚¹0,ג‚¹0,ג‚¹0,ג‚¹0,ג‚¹0,ג‚¹0,ג‚¹0,ג‚¹0,ג‚¹0,ג‚¹0,ג‚¹0,ג‚¹0,"ג‚¹5,762",ג‚¹0,ג‚¹0,ג‚¹0,,,,,,,
Stocks,ג‚¹0,ג‚¹0,ג‚¹0,ג‚¹0,ג‚¹0,"-ג‚¹6,218",ג‚¹0,ג‚¹0,ג‚¹0,ג‚¹0,ג‚¹0,ג‚¹0,"ג‚¹13,025",ג‚¹0,ג‚¹0,"ג‚¹5,000","ג‚¹5,000",ג‚¹0,ג‚¹0,ג‚¹0,ג‚¹0,ג‚¹0,ג‚¹0,ג‚¹0,ג‚¹0,ג‚¹0,ג‚¹0,ג‚¹0,ג‚¹0,ג‚¹0,ג‚¹0,ג‚¹0,ג‚¹0,ג‚¹0,ג‚¹0,ג‚¹0,ג‚¹0,ג‚¹0,ג‚¹0,"ג‚¹3,000",ג‚¹0,ג‚¹0,ג‚¹0,ג‚¹0,,,,,,,
MF,"ג‚¹21,000","ג‚¹2,71,000","ג‚¹21,000","ג‚¹80,000","ג‚¹2,00,000","ג‚¹92,000","ג‚¹92,000","ג‚¹92,000","ג‚¹93,000","ג‚¹2,73,000","ג‚¹73,000","ג‚¹73,000","ג‚¹73,000","ג‚¹73,000","ג‚¹73,000","ג‚¹73,000","ג‚¹73,000","ג‚¹18,000","ג‚¹1,12,000","ג‚¹20,000","ג‚¹20,000","ג‚¹20,000","ג‚¹20,000","ג‚¹20,000","ג‚¹20,000","ג‚¹20,000","ג‚¹20,000","ג‚¹20,000","ג‚¹23,000","ג‚¹20,000","ג‚¹20,000","ג‚¹20,000","ג‚¹21,000","ג‚¹25,000","ג‚¹25,000","ג‚¹25,000","ג‚¹27,600","ג‚¹25,000","ג‚¹25,000","ג‚¹26,000","ג‚¹8,000","ג‚¹5,000","ג‚¹6,500","ג‚¹12,000",,,,,,,
ELSS,ג‚¹0,ג‚¹0,ג‚¹0,ג‚¹0,ג‚¹0,ג‚¹0,ג‚¹0,ג‚¹0,ג‚¹0,ג‚¹0,ג‚¹0,ג‚¹0,ג‚¹0,ג‚¹0,ג‚¹0,ג‚¹0,ג‚¹0,ג‚¹0,"ג‚¹15,000","ג‚¹15,000","ג‚¹15,000","ג‚¹5,000","ג‚¹15,000","ג‚¹15,000","ג‚¹15,000","ג‚¹15,000","ג‚¹15,000","ג‚¹15,000","ג‚¹15,000","ג‚¹15,000","ג‚¹15,000","ג‚¹15,000","ג‚¹15,000","ג‚¹15,000","ג‚¹15,000","ג‚¹15,000",ג‚¹0,ג‚¹0,ג‚¹0,"ג‚¹30,500","ג‚¹10,000",ג‚¹0,ג‚¹0,ג‚¹0,,,,,,,
PPF,ג‚¹0,ג‚¹0,ג‚¹0,ג‚¹0,ג‚¹0,ג‚¹0,ג‚¹0,ג‚¹0,ג‚¹0,ג‚¹0,ג‚¹0,ג‚¹0,"ג‚¹12,500","ג‚¹12,500","ג‚¹12,500","ג‚¹12,500","ג‚¹12,500","ג‚¹12,500",ג‚¹0,ג‚¹0,ג‚¹0,ג‚¹0,ג‚¹0,"ג‚¹1,000",ג‚¹0,ג‚¹0,ג‚¹0,ג‚¹0,ג‚¹0,ג‚¹0,ג‚¹0,ג‚¹0,ג‚¹0,ג‚¹0,ג‚¹0,"ג‚¹1,000",ג‚¹0,ג‚¹0,ג‚¹0,ג‚¹0,ג‚¹0,ג‚¹0,ג‚¹0,ג‚¹0,"ג‚¹1,000",,,,,,
US Stocks,ג‚¹0,ג‚¹0,ג‚¹0,ג‚¹0,ג‚¹0,ג‚¹0,ג‚¹0,ג‚¹0,ג‚¹0,ג‚¹0,ג‚¹0,ג‚¹0,ג‚¹0,ג‚¹0,ג‚¹0,ג‚¹0,ג‚¹0,ג‚¹0,ג‚¹0,ג‚¹0,ג‚¹0,ג‚¹0,ג‚¹0,ג‚¹0,ג‚¹0,ג‚¹0,ג‚¹0,ג‚¹0,ג‚¹0,ג‚¹0,ג‚¹0,ג‚¹0,ג‚¹0,ג‚¹0,ג‚¹0,ג‚¹0,ג‚¹0,ג‚¹0,ג‚¹0,ג‚¹0,ג‚¹0,ג‚¹0,ג‚¹0,ג‚¹0,,,,,,,
US MF,ג‚¹0,ג‚¹0,ג‚¹0,ג‚¹0,ג‚¹0,ג‚¹0,ג‚¹0,ג‚¹0,ג‚¹0,ג‚¹0,ג‚¹0,ג‚¹0,ג‚¹0,ג‚¹0,ג‚¹0,ג‚¹0,ג‚¹0,ג‚¹0,ג‚¹0,ג‚¹0,ג‚¹0,ג‚¹0,ג‚¹0,ג‚¹0,ג‚¹0,ג‚¹0,ג‚¹0,ג‚¹0,ג‚¹0,ג‚¹0,ג‚¹0,ג‚¹0,ג‚¹0,ג‚¹0,ג‚¹0,ג‚¹0,ג‚¹0,ג‚¹0,ג‚¹0,ג‚¹0,ג‚¹0,ג‚¹0,ג‚¹0,ג‚¹0,,,,,,,
NPS T1,"ג‚¹7,000","ג‚¹7,000","ג‚¹7,000","ג‚¹7,000","ג‚¹7,000","ג‚¹7,000","ג‚¹7,000","ג‚¹7,000","ג‚¹7,000","ג‚¹7,000","ג‚¹7,000","ג‚¹7,000","ג‚¹6,500","ג‚¹6,500","ג‚¹6,500","ג‚¹6,500","ג‚¹6,500","ג‚¹6,500","ג‚¹6,500","ג‚¹6,500","ג‚¹6,500","ג‚¹6,500","ג‚¹6,500","ג‚¹6,500","ג‚¹6,000","ג‚¹6,000","ג‚¹6,000","ג‚¹6,000","ג‚¹6,000","ג‚¹6,000","ג‚¹6,000","ג‚¹6,000","ג‚¹6,000","ג‚¹6,000","ג‚¹6,000","ג‚¹6,000","ג‚¹6,000","ג‚¹5,000","ג‚¹5,000","ג‚¹6,500","ג‚¹6,500","ג‚¹6,500","ג‚¹6,500","ג‚¹6,500",,,,,,,
NPS T2,"ג‚¹11,000","ג‚¹11,000","ג‚¹11,000","ג‚¹11,000","ג‚¹11,000","ג‚¹11,000","ג‚¹11,000","ג‚¹11,000","ג‚¹11,000","ג‚¹11,000","ג‚¹11,000","ג‚¹11,000","ג‚¹10,000","ג‚¹10,000","ג‚¹10,000","ג‚¹10,000","ג‚¹10,000","ג‚¹10,000","ג‚¹10,000","ג‚¹10,000","ג‚¹10,000","ג‚¹10,000","ג‚¹10,000","ג‚¹10,000","ג‚¹8,500","ג‚¹14,000","ג‚¹14,000","ג‚¹14,000","ג‚¹14,000","ג‚¹14,000","ג‚¹8,500","ג‚¹14,000","ג‚¹14,000","ג‚¹8,500","ג‚¹8,500","ג‚¹8,500","ג‚¹8,500","ג‚¹8,500","ג‚¹8,500","ג‚¹50,000","ג‚¹39,000","ג‚¹20,000","ג‚¹40,000",ג‚¹0,,,,,,,
FD,ג‚¹0,ג‚¹0,ג‚¹0,ג‚¹0,ג‚¹0,ג‚¹0,ג‚¹0,ג‚¹0,ג‚¹0,ג‚¹0,ג‚¹0,ג‚¹0,"ג‚¹50,000",ג‚¹0,ג‚¹0,ג‚¹0,ג‚¹0,ג‚¹0,ג‚¹0,ג‚¹0,ג‚¹0,ג‚¹0,ג‚¹0,ג‚¹0,ג‚¹0,ג‚¹0,ג‚¹0,ג‚¹0,ג‚¹0,ג‚¹0,ג‚¹0,ג‚¹0,ג‚¹0,ג‚¹0,ג‚¹0,ג‚¹0,ג‚¹0,ג‚¹0,ג‚¹0,ג‚¹0,ג‚¹0,ג‚¹0,ג‚¹0,ג‚¹0,,,,,,,
RD,ג‚¹0,ג‚¹0,ג‚¹0,ג‚¹0,ג‚¹0,ג‚¹0,ג‚¹0,ג‚¹0,ג‚¹0,ג‚¹0,ג‚¹0,ג‚¹0,ג‚¹0,ג‚¹0,ג‚¹0,ג‚¹0,ג‚¹0,ג‚¹0,ג‚¹0,ג‚¹0,ג‚¹0,ג‚¹0,ג‚¹0,ג‚¹0,"ג‚¹10,000","ג‚¹10,000","ג‚¹10,000","ג‚¹10,000","ג‚¹15,000","ג‚¹15,000","ג‚¹15,000","ג‚¹15,000","ג‚¹15,000","ג‚¹15,000","ג‚¹15,000","ג‚¹15,000","ג‚¹15,000","ג‚¹15,000","ג‚¹15,000",ג‚¹0,"ג‚¹1,500","ג‚¹1,500","ג‚¹11,500","ג‚¹11,500",,,,,,,
SGB Gold ,ג‚¹0,ג‚¹0,ג‚¹0,ג‚¹0,ג‚¹0,ג‚¹0,ג‚¹0,ג‚¹0,ג‚¹0,ג‚¹0,ג‚¹0,ג‚¹0,ג‚¹0,ג‚¹0,ג‚¹0,ג‚¹0,ג‚¹0,ג‚¹0,ג‚¹0,ג‚¹0,ג‚¹0,ג‚¹0,ג‚¹0,ג‚¹0,ג‚¹0,ג‚¹0,ג‚¹0,ג‚¹0,ג‚¹0,ג‚¹0,ג‚¹0,ג‚¹0,ג‚¹0,ג‚¹0,ג‚¹0,ג‚¹0,ג‚¹0,ג‚¹0,ג‚¹0,"ג‚¹53,590",ג‚¹0,ג‚¹0,ג‚¹0,ג‚¹0,,,,,,,
TradeCred,ג‚¹0,ג‚¹0,ג‚¹0,ג‚¹0,ג‚¹0,ג‚¹0,ג‚¹0,ג‚¹0,ג‚¹0,ג‚¹0,ג‚¹0,ג‚¹0,ג‚¹0,ג‚¹0,ג‚¹0,ג‚¹0,ג‚¹0,ג‚¹0,ג‚¹0,ג‚¹0,ג‚¹0,ג‚¹0,ג‚¹0,ג‚¹0,ג‚¹0,ג‚¹0,ג‚¹0,"ג‚¹40,000",ג‚¹0,ג‚¹0,ג‚¹0,ג‚¹0,ג‚¹0,ג‚¹0,ג‚¹0,ג‚¹0,"ג‚¹1,00,000",ג‚¹0,"ג‚¹1,00,000",ג‚¹0,"ג‚¹38,164","ג‚¹17,800",ג‚¹0,"ג‚¹10,000",,,,,,,
Digital Gold,ג‚¹0,ג‚¹0,ג‚¹0,ג‚¹0,ג‚¹0,ג‚¹0,ג‚¹0,ג‚¹0,ג‚¹0,ג‚¹0,ג‚¹0,ג‚¹0,ג‚¹0,ג‚¹0,ג‚¹0,ג‚¹0,ג‚¹0,ג‚¹0,ג‚¹0,"ג‚¹73,893",ג‚¹0,ג‚¹0,ג‚¹0,ג‚¹0,ג‚¹0,ג‚¹0,,,,,,,,,,,,,,,,,,,,,,,,,
Tresury Bill,ג‚¹0,ג‚¹0,ג‚¹0,ג‚¹0,ג‚¹0,ג‚¹0,ג‚¹0,ג‚¹0,ג‚¹0,ג‚¹0,ג‚¹0,ג‚¹0,ג‚¹0,ג‚¹0,ג‚¹0,ג‚¹0,ג‚¹0,ג‚¹0,ג‚¹0,ג‚¹0,ג‚¹0,ג‚¹0,ג‚¹0,ג‚¹0,ג‚¹0,ג‚¹0,ג‚¹0,ג‚¹0,ג‚¹0,ג‚¹0,ג‚¹0,ג‚¹0,ג‚¹0,ג‚¹0,ג‚¹0,ג‚¹0,ג‚¹0,ג‚¹0,ג‚¹0,ג‚¹0,ג‚¹0,ג‚¹0,ג‚¹0,ג‚¹0,,,,,,,
Bonds,ג‚¹0,ג‚¹0,ג‚¹0,ג‚¹0,ג‚¹0,ג‚¹0,ג‚¹0,ג‚¹0,ג‚¹0,ג‚¹0,ג‚¹0,ג‚¹0,ג‚¹0,ג‚¹0,ג‚¹0,ג‚¹0,ג‚¹0,ג‚¹0,ג‚¹0,ג‚¹0,ג‚¹0,ג‚¹0,ג‚¹0,ג‚¹0,ג‚¹0,ג‚¹0,ג‚¹0,ג‚¹0,ג‚¹0,ג‚¹0,ג‚¹0,ג‚¹0,ג‚¹0,ג‚¹0,ג‚¹0,ג‚¹0,ג‚¹0,ג‚¹0,ג‚¹0,ג‚¹0,ג‚¹0,ג‚¹0,ג‚¹0,ג‚¹0,,,,,,,
12%,ג‚¹0,ג‚¹0,ג‚¹0,ג‚¹0,ג‚¹0,ג‚¹0,ג‚¹0,ג‚¹0,ג‚¹0,ג‚¹0,ג‚¹0,ג‚¹0,ג‚¹0,ג‚¹0,ג‚¹0,ג‚¹0,ג‚¹0,ג‚¹0,ג‚¹0,ג‚¹0,ג‚¹0,ג‚¹0,ג‚¹0,ג‚¹0,ג‚¹0,ג‚¹0,ג‚¹0,ג‚¹0,ג‚¹0,ג‚¹0,ג‚¹0,ג‚¹0,ג‚¹0,ג‚¹0,ג‚¹0,ג‚¹0,ג‚¹0,ג‚¹0,ג‚¹0,ג‚¹0,ג‚¹0,ג‚¹0,ג‚¹0,"ג‚¹50,000",,,,,,,
CRYPTO,ג‚¹0,ג‚¹0,ג‚¹0,ג‚¹0,ג‚¹0,ג‚¹0,ג‚¹0,ג‚¹0,ג‚¹0,ג‚¹0,ג‚¹0,ג‚¹0,ג‚¹0,ג‚¹0,ג‚¹0,ג‚¹0,ג‚¹0,ג‚¹0,ג‚¹0,ג‚¹0,ג‚¹0,ג‚¹0,ג‚¹0,ג‚¹0,ג‚¹0,ג‚¹0,ג‚¹0,ג‚¹0,ג‚¹0,ג‚¹0,ג‚¹0,ג‚¹0,ג‚¹0,ג‚¹0,ג‚¹0,ג‚¹0,ג‚¹0,ג‚¹0,ג‚¹0,ג‚¹0,ג‚¹0,ג‚¹0,ג‚¹0,ג‚¹0,,,,,,,
Investment,"ג‚¹39,000","ג‚¹2,89,000","ג‚¹1,41,000","ג‚¹98,000","ג‚¹2,18,000","ג‚¹1,03,782","ג‚¹1,10,000","ג‚¹1,10,000","ג‚¹1,11,000","ג‚¹2,91,000","ג‚¹91,000","ג‚¹91,000","ג‚¹1,65,025","ג‚¹1,02,000","ג‚¹1,02,000","ג‚¹1,07,000","ג‚¹1,07,000","ג‚¹47,000","ג‚¹1,43,500","-ג‚¹18,007","ג‚¹51,500","ג‚¹91,500","ג‚¹51,500","ג‚¹52,500","-ג‚¹28,318","ג‚¹65,000","ג‚¹65,000","ג‚¹1,05,000","ג‚¹73,000","ג‚¹70,000","ג‚¹64,500","ג‚¹70,000","ג‚¹71,000","ג‚¹1,49,500","ג‚¹69,500","ג‚¹75,500","ג‚¹2,57,100","ג‚¹1,23,500","ג‚¹1,56,500","ג‚¹1,82,590","ג‚¹1,63,164","ג‚¹65,800","ג‚¹99,500","ג‚¹90,000",,,,,,,
,,,,,,,,,,,,,,,,,,,,,,,,,,,,,,,,,,,,,,,,,,,,,,,,,,,
Bills,"ג‚¹98,790","ג‚¹1,48,790","ג‚¹1,07,182","ג‚¹1,65,846","ג‚¹99,667","ג‚¹1,74,021","ג‚¹1,29,818","ג‚¹1,28,667","ג‚¹1,03,602","ג‚¹1,03,837","ג‚¹1,14,080","ג‚¹1,78,305","ג‚¹1,25,723","ג‚¹1,04,795","ג‚¹1,19,169","ג‚¹2,85,582","ג‚¹1,44,887","ג‚¹1,82,385","ג‚¹96,621","ג‚¹1,31,060","ג‚¹1,09,882","ג‚¹49,300","ג‚¹65,262","ג‚¹68,957","ג‚¹2,54,587","ג‚¹78,021","ג‚¹26,721","ג‚¹62,603","ג‚¹1,00,934","ג‚¹72,738","ג‚¹54,175","ג‚¹55,348","ג‚¹1,98,386","ג‚¹60,538","ג‚¹55,042","ג‚¹32,646","ג‚¹39,461","ג‚¹32,769","ג‚¹37,111","ג‚¹80,244","ג‚¹65,047","ג‚¹42,086","ג‚¹71,392","ג‚¹60,002",,,,,,,
Home Loan EMI,"ג‚¹43,270","ג‚¹93,270","ג‚¹43,270","ג‚¹43,270","ג‚¹43,270","ג‚¹43,270","ג‚¹43,270","ג‚¹43,270","ג‚¹43,270","ג‚¹43,270","ג‚¹43,270","ג‚¹41,964","ג‚¹41,964","ג‚¹41,964","ג‚¹41,964","ג‚¹25,650","ג‚¹25,650","ג‚¹25,650","ג‚¹25,650","ג‚¹25,650","ג‚¹25,650","ג‚¹25,650","ג‚¹25,650","ג‚¹25,650","ג‚¹25,650","ג‚¹76,950","ג‚¹25,650","ג‚¹25,650","ג‚¹25,650","ג‚¹25,650","ג‚¹25,650","ג‚¹25,650","ג‚¹25,650","ג‚¹25,650","ג‚¹25,650","ג‚¹25,650","ג‚¹25,650","ג‚¹25,650","ג‚¹25,650","ג‚¹25,650","ג‚¹25,650","ג‚¹25,650","ג‚¹25,650","ג‚¹25,650",,,,,,,
Home LoanIns EMI,ג‚¹0,ג‚¹0,ג‚¹0,ג‚¹0,ג‚¹0,ג‚¹0,ג‚¹0,ג‚¹0,ג‚¹0,ג‚¹0,ג‚¹0,ג‚¹0,ג‚¹0,ג‚¹0,ג‚¹0,ג‚¹0,ג‚¹0,ג‚¹0,ג‚¹0,ג‚¹0,ג‚¹0,ג‚¹0,ג‚¹0,ג‚¹0,ג‚¹0,ג‚¹0,ג‚¹0,ג‚¹0,ג‚¹0,ג‚¹0,ג‚¹0,ג‚¹0,ג‚¹0,ג‚¹0,ג‚¹0,ג‚¹0,ג‚¹0,ג‚¹0,ג‚¹0,"ג‚¹25,561",ג‚¹510,ג‚¹510,ג‚¹510,ג‚¹510,,,,,,,
"Credit Card 
(H,I,K)","ג‚¹36,409","ג‚¹36,409","ג‚¹44,801","ג‚¹60,511","ג‚¹37,286","ג‚¹111,640","ג‚¹67,937","ג‚¹66,786","ג‚¹41,721","ג‚¹41,956","ג‚¹52,199","ג‚¹77,405","ג‚¹65,148","ג‚¹44,220","ג‚¹58,594","ג‚¹62,671","ג‚¹100,626","ג‚¹155,624","ג‚¹69,900","ג‚¹104,339","ג‚¹16,932","ג‚¹22,579","ג‚¹23,774","ג‚¹42,236","ג‚¹227,866",ג‚¹0,ג‚¹0,"ג‚¹35,882","ג‚¹74,213","ג‚¹46,017","ג‚¹22,835","ג‚¹28,627","ג‚¹85,895","ג‚¹16,611","ג‚¹28,381","ג‚¹5,985","ג‚¹12,800","ג‚¹6,108","ג‚¹8,635","ג‚¹25,616","ג‚¹37,183","ג‚¹13,866","ג‚¹19,603","ג‚¹28,873",,,,,,,
Ola Postpaid,ג‚¹0,ג‚¹0,ג‚¹0,ג‚¹0,ג‚¹0,ג‚¹0,ג‚¹0,ג‚¹0,ג‚¹0,ג‚¹0,ג‚¹0,ג‚¹0,ג‚¹0,ג‚¹0,ג‚¹0,ג‚¹0,ג‚¹0,ג‚¹0,ג‚¹0,ג‚¹0,ג‚¹0,ג‚¹0,ג‚¹0,ג‚¹0,ג‚¹0,ג‚¹0,ג‚¹0,ג‚¹0,ג‚¹0,ג‚¹0,ג‚¹0,ג‚¹0,ג‚¹0,ג‚¹0,ג‚¹0,ג‚¹0,ג‚¹0,ג‚¹0,ג‚¹0,ג‚¹0,ג‚¹0,"ג‚¹1,931","ג‚¹11,500",ג‚¹0,,,,,,,
Donations,ג‚¹882,ג‚¹882,ג‚¹882,ג‚¹882,ג‚¹882,ג‚¹882,ג‚¹882,ג‚¹882,ג‚¹882,ג‚¹882,ג‚¹882,ג‚¹882,ג‚¹882,ג‚¹882,ג‚¹882,ג‚¹882,ג‚¹882,ג‚¹882,ג‚¹882,ג‚¹882,ג‚¹882,ג‚¹882,ג‚¹882,ג‚¹882,ג‚¹882,ג‚¹882,ג‚¹882,ג‚¹882,ג‚¹882,ג‚¹882,ג‚¹882,ג‚¹882,ג‚¹882,ג‚¹882,ג‚¹882,ג‚¹882,ג‚¹882,ג‚¹882,ג‚¹882,ג‚¹0,"ג‚¹1,575",ג‚¹0,ג‚¹0,ג‚¹0,,,,,,,
Freelance Fees,ג‚¹0,ג‚¹0,ג‚¹0,ג‚¹0,ג‚¹0,ג‚¹0,ג‚¹0,ג‚¹0,ג‚¹0,ג‚¹0,ג‚¹0,ג‚¹0,ג‚¹0,ג‚¹0,ג‚¹0,ג‚¹0,ג‚¹0,ג‚¹0,ג‚¹0,ג‚¹0,ג‚¹0,ג‚¹0,ג‚¹0,ג‚¹0,ג‚¹0,ג‚¹0,ג‚¹0,ג‚¹0,ג‚¹0,ג‚¹0,ג‚¹0,ג‚¹0,ג‚¹0,ג‚¹0,ג‚¹0,ג‚¹0,ג‚¹0,ג‚¹0,ג‚¹0,ג‚¹0,ג‚¹0,ג‚¹0,"ג‚¹2,500","ג‚¹4,000",,,,,,,
Youtube Subs,ג‚¹229,ג‚¹229,ג‚¹229,ג‚¹229,ג‚¹229,ג‚¹229,ג‚¹229,ג‚¹229,ג‚¹229,ג‚¹229,ג‚¹229,ג‚¹229,ג‚¹229,ג‚¹229,ג‚¹229,ג‚¹229,ג‚¹229,ג‚¹229,ג‚¹189,ג‚¹189,ג‚¹189,ג‚¹189,ג‚¹189,ג‚¹189,ג‚¹189,ג‚¹189,ג‚¹189,ג‚¹189,ג‚¹189,ג‚¹189,ג‚¹189,ג‚¹189,ג‚¹189,ג‚¹129,ג‚¹129,ג‚¹129,ג‚¹129,ג‚¹129,ג‚¹129,ג‚¹129,ג‚¹129,ג‚¹129,ג‚¹129,ג‚¹129,,,,,,,
Term Insurance,ג‚¹0,ג‚¹0,ג‚¹0,ג‚¹0,ג‚¹0,ג‚¹0,ג‚¹0,ג‚¹0,ג‚¹0,ג‚¹0,ג‚¹0,"ג‚¹14,767",ג‚¹0,ג‚¹0,ג‚¹0,ג‚¹0,ג‚¹0,ג‚¹0,ג‚¹0,ג‚¹0,ג‚¹0,ג‚¹0,"ג‚¹14,767",ג‚¹0,ג‚¹0,ג‚¹0,ג‚¹0,ג‚¹0,ג‚¹0,ג‚¹0,ג‚¹0,ג‚¹0,ג‚¹0,"ג‚¹14,766",ג‚¹0,ג‚¹0,ג‚¹0,ג‚¹0,ג‚¹0,ג‚¹0,ג‚¹0,ג‚¹0,ג‚¹0,ג‚¹0,,,,,,,
Health Insurance,ג‚¹0,ג‚¹0,ג‚¹0,"ג‚¹42,954",ג‚¹0,ג‚¹0,ג‚¹0,ג‚¹0,ג‚¹0,ג‚¹0,ג‚¹0,"ג‚¹25,558",ג‚¹0,ג‚¹0,ג‚¹0,ג‚¹0,ג‚¹0,ג‚¹0,ג‚¹0,ג‚¹0,ג‚¹0,ג‚¹0,ג‚¹0,ג‚¹0,ג‚¹0,ג‚¹0,ג‚¹0,ג‚¹0,ג‚¹0,ג‚¹0,ג‚¹0,ג‚¹0,ג‚¹0,ג‚¹0,ג‚¹0,ג‚¹0,ג‚¹0,ג‚¹0,ג‚¹0,ג‚¹0,ג‚¹0,ג‚¹0,ג‚¹0,ג‚¹0,,,,,,,
Property tax,ג‚¹0,ג‚¹0,ג‚¹0,ג‚¹0,ג‚¹0,ג‚¹0,ג‚¹0,ג‚¹0,ג‚¹0,ג‚¹0,ג‚¹0,ג‚¹0,ג‚¹0,ג‚¹0,ג‚¹0,ג‚¹0,ג‚¹0,ג‚¹0,ג‚¹0,ג‚¹0,"ג‚¹4,519",ג‚¹0,ג‚¹0,ג‚¹0,ג‚¹0,ג‚¹0,ג‚¹0,ג‚¹0,ג‚¹0,ג‚¹0,"ג‚¹4,619",ג‚¹0,ג‚¹0,ג‚¹0,ג‚¹0,ג‚¹0,ג‚¹0,ג‚¹0,ג‚¹0,"ג‚¹3,288",ג‚¹0,ג‚¹0,ג‚¹0,ג‚¹720,,,,,,,
House Rent,"ג‚¹18,000","ג‚¹18,000","ג‚¹18,000","ג‚¹18,000","ג‚¹18,000","ג‚¹18,000","ג‚¹17,500","ג‚¹17,500","ג‚¹17,500","ג‚¹17,500","ג‚¹17,500","ג‚¹17,500","ג‚¹17,500","ג‚¹17,500","ג‚¹17,500","ג‚¹17,500","ג‚¹17,500",ג‚¹0,ג‚¹0,ג‚¹0,ג‚¹0,ג‚¹0,ג‚¹0,,,,,,,,,,,,,,,,,,,,,,,,,,,,
Other,ג‚¹0,ג‚¹0,ג‚¹0,ג‚¹0,ג‚¹0,ג‚¹0,ג‚¹0,ג‚¹0,ג‚¹0,ג‚¹0,ג‚¹0,ג‚¹0,ג‚¹0,ג‚¹0,ג‚¹0,"ג‚¹1,78,650",ג‚¹0,ג‚¹0,ג‚¹0,ג‚¹0,"ג‚¹61,710",ג‚¹0,ג‚¹0,ג‚¹0,ג‚¹0,ג‚¹0,ג‚¹0,ג‚¹0,ג‚¹0,ג‚¹0,ג‚¹0,ג‚¹0,"ג‚¹85,770","ג‚¹2,500",ג‚¹0,ג‚¹0,ג‚¹0,ג‚¹0,"ג‚¹1,815",ג‚¹0,ג‚¹0,ג‚¹0,"ג‚¹11,500",ג‚¹120,,,,,,,
Bills,"ג‚¹98,790","ג‚¹1,48,790","ג‚¹1,07,182","ג‚¹1,65,846","ג‚¹99,667","ג‚¹1,74,021","ג‚¹1,29,818","ג‚¹1,28,667","ג‚¹1,03,602","ג‚¹1,03,837","ג‚¹1,14,080","ג‚¹1,78,305","ג‚¹1,25,723","ג‚¹1,04,795","ג‚¹1,19,169","ג‚¹2,85,582","ג‚¹1,44,887","ג‚¹1,82,385","ג‚¹96,621","ג‚¹1,31,060","ג‚¹1,09,882","ג‚¹49,300","ג‚¹65,262","ג‚¹68,957","ג‚¹2,54,587","ג‚¹78,021","ג‚¹26,721","ג‚¹62,603","ג‚¹1,00,934","ג‚¹72,738","ג‚¹54,175","ג‚¹55,348","ג‚¹1,98,386","ג‚¹60,538","ג‚¹55,042","ג‚¹32,646","ג‚¹39,461","ג‚¹32,769","ג‚¹37,111","ג‚¹80,244","ג‚¹65,047","ג‚¹42,086","ג‚¹71,392","ג‚¹60,002",,,,,,,
,,,,,,,,,,,,,,,,,,,,,,,,,,,,,,,,,,,,,,,,,,,,,,,,,,,
Paid via Credit,"ג‚¹3,074","ג‚¹3,074","ג‚¹3,074","ג‚¹3,074","ג‚¹3,074","ג‚¹3,074","ג‚¹3,074","ג‚¹3,074","ג‚¹3,074","ג‚¹3,074","ג‚¹3,074","ג‚¹3,074","ג‚¹3,074","ג‚¹3,074","ג‚¹3,074","ג‚¹1,678","ג‚¹1,678","ג‚¹1,678","ג‚¹1,678","ג‚¹1,678","ג‚¹1,678","ג‚¹1,678","ג‚¹1,678","ג‚¹3,265","ג‚¹1,678","ג‚¹1,678","ג‚¹1,678","ג‚¹1,678","ג‚¹2,060","ג‚¹2,019","ג‚¹1,678","ג‚¹1,678","ג‚¹3,059","ג‚¹3,527","ג‚¹12,432","ג‚¹2,053","ג‚¹2,000","ג‚¹11,182","ג‚¹1,678","ג‚¹1,678","ג‚¹2,289","ג‚¹1,504","ג‚¹1,178","ג‚¹3,269",,,,,,,
Shopping,ג‚¹0,ג‚¹0,ג‚¹0,ג‚¹0,ג‚¹0,ג‚¹0,ג‚¹0,ג‚¹0,ג‚¹0,ג‚¹0,ג‚¹0,ג‚¹0,ג‚¹0,ג‚¹0,ג‚¹0,ג‚¹0,ג‚¹0,ג‚¹0,ג‚¹0,ג‚¹0,ג‚¹0,ג‚¹0,ג‚¹0,ג‚¹0,ג‚¹0,ג‚¹0,ג‚¹0,ג‚¹0,ג‚¹0,ג‚¹0,ג‚¹0,ג‚¹0,ג‚¹0,ג‚¹0,ג‚¹0,ג‚¹0,ג‚¹0,"ג‚¹8,500",ג‚¹0,,,,,"ג‚¹2,272",,,,,,,
Electricity,"ג‚¹1,396","ג‚¹1,396","ג‚¹1,396","ג‚¹1,396","ג‚¹1,396","ג‚¹1,396","ג‚¹1,396","ג‚¹1,396","ג‚¹1,396","ג‚¹1,396","ג‚¹1,396","ג‚¹1,396","ג‚¹1,396","ג‚¹1,396","ג‚¹1,396",ג‚¹0,ג‚¹0,ג‚¹0,ג‚¹0,ג‚¹0,ג‚¹0,ג‚¹0,ג‚¹0,"ג‚¹1,587",ג‚¹0,ג‚¹0,ג‚¹0,ג‚¹0,ג‚¹382,ג‚¹341,ג‚¹0,ג‚¹0,ג‚¹662,"ג‚¹1,849",ג‚¹41,ג‚¹375,ג‚¹322,ג‚¹285,ג‚¹0,,ג‚¹392,ג‚¹326,ג‚¹0,ג‚¹178,,,,,,,
Internet,"ג‚¹1,178","ג‚¹1,178","ג‚¹1,178","ג‚¹1,178","ג‚¹1,178","ג‚¹1,178","ג‚¹1,178","ג‚¹1,178","ג‚¹1,178","ג‚¹1,178","ג‚¹1,178","ג‚¹1,178","ג‚¹1,178","ג‚¹1,178","ג‚¹1,178","ג‚¹1,178","ג‚¹1,178","ג‚¹1,178","ג‚¹1,178","ג‚¹1,178","ג‚¹1,178","ג‚¹1,178","ג‚¹1,178","ג‚¹1,178","ג‚¹1,178","ג‚¹1,178","ג‚¹1,178","ג‚¹1,178","ג‚¹1,178","ג‚¹1,178","ג‚¹1,178","ג‚¹1,178","ג‚¹1,178","ג‚¹1,178","ג‚¹1,178","ג‚¹1,178","ג‚¹1,178","ג‚¹1,178","ג‚¹1,178","ג‚¹1,178","ג‚¹1,178","ג‚¹1,178","ג‚¹1,178",ג‚¹0,,,,,,,
Mobile,ג‚¹0,ג‚¹0,ג‚¹0,ג‚¹0,ג‚¹0,ג‚¹0,ג‚¹0,ג‚¹0,ג‚¹0,ג‚¹0,ג‚¹0,ג‚¹0,ג‚¹0,ג‚¹0,ג‚¹0,ג‚¹0,ג‚¹0,ג‚¹0,ג‚¹0,ג‚¹0,ג‚¹0,ג‚¹0,ג‚¹0,ג‚¹0,ג‚¹0,ג‚¹0,ג‚¹0,ג‚¹0,ג‚¹0,ג‚¹0,ג‚¹0,ג‚¹0,ג‚¹719,ג‚¹0,ג‚¹719,ג‚¹0,ג‚¹0,ג‚¹719,ג‚¹0,,ג‚¹719,ג‚¹0,ג‚¹0,ג‚¹719,,,,,,,
DTH,ג‚¹500,ג‚¹500,ג‚¹500,ג‚¹500,ג‚¹500,ג‚¹500,ג‚¹500,ג‚¹500,ג‚¹500,ג‚¹500,ג‚¹500,ג‚¹500,ג‚¹500,ג‚¹500,ג‚¹500,ג‚¹500,ג‚¹500,ג‚¹500,ג‚¹500,ג‚¹500,ג‚¹500,ג‚¹500,ג‚¹500,ג‚¹500,ג‚¹500,ג‚¹500,ג‚¹500,ג‚¹500,ג‚¹500,ג‚¹500,ג‚¹500,ג‚¹500,ג‚¹500,ג‚¹500,ג‚¹500,ג‚¹500,ג‚¹500,ג‚¹500,ג‚¹500,ג‚¹500,,,,ג‚¹100,,,,,,,
TRAVEL,ג‚¹0,ג‚¹0,ג‚¹0,ג‚¹0,ג‚¹0,ג‚¹0,ג‚¹0,ג‚¹0,ג‚¹0,ג‚¹0,ג‚¹0,ג‚¹0,ג‚¹0,ג‚¹0,ג‚¹0,ג‚¹0,ג‚¹0,ג‚¹0,ג‚¹0,ג‚¹0,ג‚¹0,ג‚¹0,ג‚¹0,ג‚¹0,ג‚¹0,ג‚¹0,ג‚¹0,ג‚¹0,ג‚¹0,ג‚¹0,ג‚¹0,ג‚¹0,ג‚¹0,ג‚¹0,"ג‚¹9,994",ג‚¹0,ג‚¹0,ג‚¹0,ג‚¹0,,,,,,,,,,,,
Learning,ג‚¹0,ג‚¹0,ג‚¹0,ג‚¹0,ג‚¹0,ג‚¹0,ג‚¹0,ג‚¹0,ג‚¹0,ג‚¹0,ג‚¹0,ג‚¹0,ג‚¹0,ג‚¹0,ג‚¹0,ג‚¹0,ג‚¹0,ג‚¹0,ג‚¹0,ג‚¹0,ג‚¹0,ג‚¹0,ג‚¹0,ג‚¹0,ג‚¹0,ג‚¹0,ג‚¹0,ג‚¹0,ג‚¹0,ג‚¹0,ג‚¹0,ג‚¹0,ג‚¹0,ג‚¹0,ג‚¹0,ג‚¹0,ג‚¹0,ג‚¹0,ג‚¹0,,,,,ג‚¹0,,,,,,,
Other,ג‚¹0,ג‚¹0,ג‚¹0,ג‚¹0,ג‚¹0,ג‚¹0,ג‚¹0,ג‚¹0,ג‚¹0,ג‚¹0,ג‚¹0,ג‚¹0,ג‚¹0,ג‚¹0,ג‚¹0,ג‚¹0,ג‚¹0,ג‚¹0,ג‚¹0,ג‚¹0,ג‚¹0,ג‚¹0,ג‚¹0,ג‚¹0,ג‚¹0,ג‚¹0,ג‚¹0,ג‚¹0,ג‚¹0,ג‚¹0,ג‚¹0,ג‚¹0,ג‚¹0,ג‚¹0,ג‚¹0,ג‚¹0,ג‚¹0,ג‚¹0,ג‚¹0,,,,,ג‚¹0,,,,,,,
Paid via Credit,"ג‚¹3,074","ג‚¹3,074","ג‚¹3,074","ג‚¹3,074","ג‚¹3,074","ג‚¹3,074","ג‚¹3,074","ג‚¹3,074","ג‚¹3,074","ג‚¹3,074","ג‚¹3,074","ג‚¹3,074","ג‚¹3,074","ג‚¹3,074","ג‚¹3,074","ג‚¹1,678","ג‚¹1,678","ג‚¹1,678","ג‚¹1,678","ג‚¹1,678","ג‚¹1,678","ג‚¹1,678","ג‚¹1,678","ג‚¹3,265","ג‚¹1,678","ג‚¹1,678","ג‚¹1,678","ג‚¹1,678","ג‚¹2,060","ג‚¹2,019","ג‚¹1,678","ג‚¹1,678","ג‚¹3,059","ג‚¹3,527","ג‚¹12,432","ג‚¹2,053","ג‚¹2,000","ג‚¹11,182","ג‚¹1,678","ג‚¹1,678","ג‚¹2,289","ג‚¹1,504","ג‚¹1,178","ג‚¹3,269",,,,,,,
,,,,,,,,,,,,,,,,,,,,,,,,,,,,,,,,,,,,,,,,,,,,,,,,,,,
A/c Bal@1st,"ג‚¹9,59,196","ג‚¹11,05,371","ג‚¹8,58,294","ג‚¹7,41,667","ג‚¹8,55,793","ג‚¹6,10,512","ג‚¹8,39,714","ג‚¹12,01,706","ג‚¹14,85,445","ג‚¹16,57,474","ג‚¹16,20,694","ג‚¹15,18,047","ג‚¹17,43,159","ג‚¹13,30,917","ג‚¹5,37,456","ג‚¹7,95,480","ג‚¹6,08,555","ג‚¹7,87,167","ג‚¹11,46,734","ג‚¹9,39,817","ג‚¹8,51,183","ג‚¹6,57,890","ג‚¹5,80,375","ג‚¹1,80,282","ג‚¹4,24,422","ג‚¹5,22,410","ג‚¹6,00,191","ג‚¹7,19,178","ג‚¹5,07,718","ג‚¹5,95,823","ג‚¹5,34,988","ג‚¹3,92,210","ג‚¹4,05,986","ג‚¹3,22,025","ג‚¹3,09,717","ג‚¹2,74,144","ג‚¹2,74,779","ג‚¹1,95,912","ג‚¹3,12,730","ג‚¹4,59,240","ג‚¹3,50,199","ג‚¹3,02,816","ג‚¹2,44,348","ג‚¹2,43,833",,,,,,,
HDFC,"ג‚¹7,15,814","ג‚¹8,51,327","ג‚¹4,84,724","ג‚¹3,48,241","ג‚¹6,96,819","ג‚¹4,70,052","ג‚¹6,65,364","ג‚¹9,08,989","ג‚¹11,82,529","ג‚¹13,75,684","ג‚¹12,48,819","ג‚¹11,25,999","ג‚¹13,52,626","ג‚¹11,13,988","ג‚¹2,71,418","ג‚¹6,12,616","ג‚¹3,15,769","ג‚¹3,88,539","ג‚¹6,58,124","ג‚¹6,20,620","ג‚¹5,73,236","ג‚¹3,95,365","ג‚¹3,14,490","ג‚¹10,736","ג‚¹1,41,608","ג‚¹2,66,720","ג‚¹3,54,706","ג‚¹4,29,160","ג‚¹2,08,223","ג‚¹3,14,049","ג‚¹2,41,550","ג‚¹1,69,606","ג‚¹1,65,738","ג‚¹1,76,079","ג‚¹2,29,407","ג‚¹49,807","ג‚¹50,486","ג‚¹48,301","ג‚¹29,145","ג‚¹29,962","ג‚¹57,163","ג‚¹50,677","ג‚¹31,050","ג‚¹1,52,255",,,,,,,
Axis,"ג‚¹35,592","ג‚¹1,24,645","ג‚¹1,65,865","ג‚¹91,740","ג‚¹30,960","ג‚¹34,871","ג‚¹44,597","ג‚¹54,763","ג‚¹75,815","ג‚¹65,613","ג‚¹1,56,613","ג‚¹1,60,680","ג‚¹1,61,157","ג‚¹4,108","ג‚¹51,136","ג‚¹59,654","ג‚¹1,61,953","ג‚¹1,66,913","ג‚¹2,57,819","ג‚¹87,524","ג‚¹45,392","ג‚¹30,582","ג‚¹33,060","ג‚¹35,839","ג‚¹50,000","ג‚¹46,741","ג‚¹36,242","ג‚¹41,819","ג‚¹47,058","ג‚¹28,455","ג‚¹50,896","ג‚¹49,180","ג‚¹65,942","ג‚¹20,834","ג‚¹4,316","ג‚¹48,436","ג‚¹65,800","ג‚¹48,598","ג‚¹22,135","ג‚¹88,165","ג‚¹28,171","ג‚¹12,243","ג‚¹7,016","ג‚¹28,206",,,,,,,
SBI,"ג‚¹46,561","ג‚¹96,561","ג‚¹96,561","ג‚¹1,56,788","ג‚¹96,887","ג‚¹96,887","ג‚¹1,10,050","ג‚¹2,10,932","ג‚¹2,11,814","ג‚¹2,11,268","ג‚¹2,12,150","ג‚¹2,18,555","ג‚¹2,18,555","ג‚¹1,59,673","ג‚¹1,60,555","ג‚¹1,09,400","ג‚¹1,12,282","ג‚¹1,13,164","ג‚¹1,13,274","ג‚¹1,14,156","ג‚¹1,15,038","ג‚¹1,15,136","ג‚¹1,16,018","ג‚¹1,16,900","ג‚¹1,17,000","ג‚¹1,17,329","ג‚¹1,17,623","ג‚¹1,17,710","ג‚¹1,18,592","ג‚¹1,19,474","ג‚¹1,19,547","ג‚¹1,20,429","ג‚¹1,21,311","ג‚¹72,333","ג‚¹73,215","ג‚¹88,122","ג‚¹59,929","ג‚¹1,545","ג‚¹13,689","ג‚¹1,00,303","ג‚¹69,853","ג‚¹54,403","ג‚¹8,836","ג‚¹8,926",,,,,,,
Kotak,"ג‚¹1,61,229","ג‚¹32,838","ג‚¹1,11,144","ג‚¹1,44,898","ג‚¹31,127","ג‚¹8,702","ג‚¹19,703","ג‚¹27,022","ג‚¹15,287","ג‚¹4,909","ג‚¹3,112","ג‚¹12,813","ג‚¹10,821","ג‚¹53,148","ג‚¹54,347","ג‚¹13,810","ג‚¹18,551","ג‚¹1,18,551","ג‚¹1,17,517","ג‚¹1,17,517","ג‚¹1,17,517","ג‚¹1,16,807","ג‚¹1,16,807","ג‚¹16,807","ג‚¹1,15,814","ג‚¹91,620","ג‚¹91,620","ג‚¹1,30,489","ג‚¹1,33,845","ג‚¹1,33,845","ג‚¹1,22,995","ג‚¹52,995","ג‚¹52,995","ג‚¹52,779","ג‚¹2,779","ג‚¹87,779","ג‚¹98,564","ג‚¹97,468","ג‚¹2,47,761","ג‚¹2,40,810","ג‚¹1,95,012","ג‚¹1,85,493","ג‚¹1,97,446","ג‚¹54,446",,,,,,,
Difference,"-ג‚¹146,175","ג‚¹2,47,077","ג‚¹1,16,627","-ג‚¹114,126","ג‚¹2,45,281","-ג‚¹229,202","-ג‚¹361,992","-ג‚¹283,739","-ג‚¹172,029","ג‚¹36,780","ג‚¹1,02,647","-ג‚¹225,112","ג‚¹4,12,242","ג‚¹7,93,461","-ג‚¹258,024","ג‚¹1,86,925","-ג‚¹178,612","-ג‚¹359,567","ג‚¹2,06,917","ג‚¹88,634","ג‚¹1,93,293","ג‚¹77,515","ג‚¹4,00,093","-ג‚¹244,140","-ג‚¹97,988",,,,,,,,,,,,,,,,,,,,,,,,,,
Deductions,"ג‚¹1,37,790","ג‚¹4,37,790","ג‚¹2,48,182","ג‚¹2,63,846","ג‚¹3,17,667","ג‚¹2,77,803","ג‚¹2,39,818","ג‚¹2,38,667","ג‚¹2,14,602","ג‚¹3,94,837","ג‚¹2,05,080","ג‚¹2,69,305","ג‚¹2,90,748","ג‚¹2,06,795","ג‚¹2,21,169","ג‚¹3,92,582","ג‚¹2,51,887","ג‚¹2,29,385","ג‚¹2,40,121","ג‚¹1,13,053","ג‚¹1,61,382","ג‚¹1,40,800","ג‚¹1,16,762","ג‚¹1,21,457","ג‚¹2,26,269","ג‚¹1,43,021","ג‚¹91,721","ג‚¹1,67,603","ג‚¹1,73,934","ג‚¹1,42,738","ג‚¹1,18,675","ג‚¹1,25,348","ג‚¹2,69,386","ג‚¹2,10,038","ג‚¹1,24,542","ג‚¹1,08,146","ג‚¹2,96,561","ג‚¹1,56,269","ג‚¹1,93,611","ג‚¹2,62,834","ג‚¹2,28,211","ג‚¹1,07,886","ג‚¹1,70,892","ג‚¹1,50,002",,,,,,,
Balance Af Exp,"ג‚¹1,45,082","-ג‚¹122,426","ג‚¹3,01,675","ג‚¹1,79,357","-ג‚¹186,319",ג‚¹596,"-ג‚¹211,419","-ג‚¹26,498","ג‚¹69,077","-ג‚¹176,158","ג‚¹1,64,616","-ג‚¹47,468","ג‚¹29,333","ג‚¹2,54,957","ג‚¹8,41,832","-ג‚¹202,273","ג‚¹5,115","-ג‚¹481,453","-ג‚¹232,189","ג‚¹1,34,879","ג‚¹1,34,550","ג‚¹1,07,132","ג‚¹1,31,170","-ג‚¹51,257","-ג‚¹176,269","ג‚¹71,477","ג‚¹1,95,088","-ג‚¹243,772","-ג‚¹102,258","ג‚¹7,279","-ג‚¹13,793","ג‚¹54,883","-ג‚¹31,751","-ג‚¹13,858","-ג‚¹1,000","-ג‚¹67,454","-ג‚¹144,534","ג‚¹18,083","-ג‚¹242,985","-ג‚¹41,651","-ג‚¹49,197","ג‚¹14,929","-ג‚¹54,526","-ג‚¹16,220",,,,,,,
Balance @A/c,"ג‚¹8,21,406","ג‚¹6,67,581","ג‚¹6,10,112","ג‚¹4,77,821","ג‚¹5,38,126","ג‚¹3,32,709","ג‚¹5,99,896","ג‚¹9,63,039","ג‚¹12,70,843","ג‚¹12,62,637","ג‚¹14,15,614","ג‚¹12,48,742","ג‚¹14,52,411","ג‚¹11,24,122","ג‚¹3,16,287","ג‚¹4,02,898","ג‚¹3,56,668","ג‚¹5,57,782","ג‚¹9,06,613","ג‚¹8,26,764","ג‚¹6,89,801","ג‚¹5,17,090","ג‚¹4,63,613","ג‚¹58,825","ג‚¹1,98,153","ג‚¹3,79,389","ג‚¹5,08,470","ג‚¹5,51,575","ג‚¹3,33,784","ג‚¹4,53,085","ג‚¹4,16,313","ג‚¹2,66,862","ג‚¹1,36,600","ג‚¹1,11,987","ג‚¹1,85,175","ג‚¹1,65,998","-ג‚¹21,782","ג‚¹39,643","ג‚¹1,19,119","ג‚¹1,96,406","ג‚¹1,21,988","ג‚¹1,94,930","ג‚¹73,456","ג‚¹93,831",,,,,,,
,,,,,,,,,,,,,,,,,,,,,,,,,,,,,,,,,,,,,,,,,,,,,,,,,,,
,,,,,,,,,,,,,,,,,,,,,,,,,,,,,,,,,,,,,,,,,,,,,,,,,,,
Loan A/c @1,"ג‚¹43,65,305","ג‚¹44,33,056","ג‚¹44,87,692","ג‚¹45,13,519","ג‚¹44,84,629","ג‚¹45,58,983","ג‚¹45,51,084","ג‚¹46,59,342","ג‚¹46,53,583","ג‚¹46,44,683","ג‚¹46,80,576","ג‚¹46,94,120","ג‚¹47,13,228","ג‚¹46,99,812","ג‚¹47,19,444","ג‚¹26,95,887","ג‚¹27,39,672","ג‚¹27,99,801","ג‚¹27,19,825","ג‚¹27,59,311","ג‚¹26,76,912","ג‚¹26,88,188","ג‚¹26,94,308","ג‚¹27,18,314","ג‚¹29,08,788","ג‚¹27,38,257","ג‚¹27,42,619","ג‚¹27,82,829","ג‚¹28,26,130","ג‚¹28,02,190","ג‚¹27,83,915","ג‚¹27,93,892","ג‚¹28,55,306","ג‚¹28,05,596","ג‚¹28,06,677","ג‚¹27,87,387","ג‚¹27,99,852","ג‚¹27,99,485","ג‚¹28,06,533","ג‚¹28,54,288","ג‚¹28,72,146","ג‚¹28,56,349","ג‚¹28,79,012","ג‚¹28,84,011",,,,,,,
Home 404164633062,"ג‚¹23,53,603","ג‚¹24,15,781","ג‚¹24,26,195","ג‚¹24,36,312","ג‚¹24,30,647","ג‚¹24,30,647","ג‚¹24,66,451","ג‚¹25,75,860","ג‚¹25,84,726","ג‚¹25,75,591","ג‚¹26,01,241","ג‚¹25,89,579","ג‚¹26,15,229","ג‚¹26,22,741","ג‚¹26,27,999","ג‚¹26,33,216","ג‚¹26,39,046","ג‚¹26,44,177","ג‚¹26,49,925","ג‚¹26,54,972","ג‚¹26,59,980","ג‚¹26,65,609","ג‚¹26,70,534","ג‚¹26,76,078","ג‚¹26,80,922","ג‚¹27,38,257","ג‚¹27,42,619","ג‚¹27,46,947","ג‚¹27,51,917","ג‚¹27,56,173","ג‚¹27,61,080","ג‚¹27,65,265","ג‚¹27,69,411","ג‚¹27,74,219","ג‚¹27,78,296","ג‚¹27,81,402","ג‚¹27,87,052","ג‚¹27,93,377","ג‚¹27,97,898","ג‚¹28,02,757","ג‚¹28,08,681","ג‚¹28,13,911","ג‚¹28,20,895","ג‚¹28,27,757",,,,,,,
Sage 703634758,"ג‚¹19,13,497","ג‚¹19,18,711","ג‚¹19,50,795","ג‚¹19,50,795","ג‚¹19,50,795","ג‚¹19,50,795","ג‚¹19,50,795","ג‚¹19,50,795","ג‚¹19,61,235","ג‚¹19,61,235","ג‚¹19,61,235","ג‚¹19,61,235","ג‚¹19,66,950","ג‚¹19,66,950","ג‚¹19,66,950",ג‚¹0,ג‚¹0,ג‚¹0,ג‚¹0,ג‚¹0,ג‚¹0,ג‚¹0,ג‚¹0,ג‚¹0,ג‚¹0,ג‚¹0,ג‚¹0,ג‚¹0,ג‚¹0,ג‚¹0,ג‚¹0,ג‚¹0,ג‚¹0,ג‚¹0,ג‚¹0,ג‚¹0,ג‚¹0,ג‚¹0,ג‚¹0,ג‚¹0,ג‚¹0,ג‚¹0,ג‚¹0,ג‚¹0,,,,,,,
Sage Ins 695786969,"ג‚¹61,796","ג‚¹62,155","ג‚¹65,901","ג‚¹65,901","ג‚¹65,901","ג‚¹65,901","ג‚¹65,901","ג‚¹65,901","ג‚¹65,901","ג‚¹65,901","ג‚¹65,901","ג‚¹65,901","ג‚¹65,901","ג‚¹65,901","ג‚¹65,901",ג‚¹0,ג‚¹0,ג‚¹0,ג‚¹0,ג‚¹0,ג‚¹0,ג‚¹0,ג‚¹0,ג‚¹0,ג‚¹0,ג‚¹0,ג‚¹0,ג‚¹0,ג‚¹0,ג‚¹0,ג‚¹0,ג‚¹0,ג‚¹0,ג‚¹0,ג‚¹0,ג‚¹0,ג‚¹0,ג‚¹0,ג‚¹0,ג‚¹0,ג‚¹0,ג‚¹0,ג‚¹0,ג‚¹0,,,,,,,
Home inc 7663 (Closed),ג‚¹0,ג‚¹0,ג‚¹0,ג‚¹0,ג‚¹0,ג‚¹0,ג‚¹0,ג‚¹0,ג‚¹0,ג‚¹0,ג‚¹0,ג‚¹0,ג‚¹0,ג‚¹0,ג‚¹0,ג‚¹0,ג‚¹0,ג‚¹0,ג‚¹0,ג‚¹0,ג‚¹0,ג‚¹0,ג‚¹0,ג‚¹0,ג‚¹0,ג‚¹0,ג‚¹0,ג‚¹0,ג‚¹0,ג‚¹0,ג‚¹0,ג‚¹0,ג‚¹0,ג‚¹0,ג‚¹0,ג‚¹0,ג‚¹0,ג‚¹0,ג‚¹0,"ג‚¹25,915","ג‚¹26,282","ג‚¹26,641","ג‚¹27,014","ג‚¹27,381",,,,,,,
Credit Card Loan,"ג‚¹36,409","ג‚¹36,409","ג‚¹44,801","ג‚¹60,511","ג‚¹37,286","ג‚¹1,11,640","ג‚¹67,937","ג‚¹66,786","ג‚¹41,721","ג‚¹41,956","ג‚¹52,199","ג‚¹77,405","ג‚¹65,148","ג‚¹44,220","ג‚¹58,594","ג‚¹62,671","ג‚¹1,00,626","ג‚¹1,55,624","ג‚¹69,900","ג‚¹1,04,339","ג‚¹16,932","ג‚¹22,579","ג‚¹23,774","ג‚¹42,236","ג‚¹2,27,866",ג‚¹0,ג‚¹0,"ג‚¹35,882","ג‚¹74,213","ג‚¹46,017","ג‚¹22,835","ג‚¹28,627","ג‚¹85,895","ג‚¹31,377","ג‚¹28,381","ג‚¹5,985","ג‚¹12,800","ג‚¹6,108","ג‚¹8,635","ג‚¹25,616","ג‚¹37,183","ג‚¹15,797","ג‚¹31,103","ג‚¹28,873",,,,,,,
Interest Deducted,"-ג‚¹18,908","ג‚¹82,856","ג‚¹33,153","ג‚¹48,935","ג‚¹43,270","ג‚¹7,466","-ג‚¹66,139","ג‚¹34,404","ג‚¹52,405","ג‚¹17,620","ג‚¹54,932","ג‚¹16,314","ג‚¹34,452","ג‚¹36,706","ג‚¹36,747","ג‚¹19,820","ג‚¹20,519","ג‚¹19,902","ג‚¹20,603","ג‚¹20,642","ג‚¹20,021","ג‚¹20,725","ג‚¹20,106","ג‚¹20,806","-ג‚¹31,685","ג‚¹72,588","ג‚¹21,322","ג‚¹20,680","ג‚¹21,394","ג‚¹20,743","ג‚¹21,465","ג‚¹21,504","ג‚¹20,842","ג‚¹21,573","ג‚¹22,544",,,,,,,,,,,,,,,,
,,,,,,,,,,,,,,,,,,,,,,,,,,,,,,,,,,,,,,,,,,,,,,,,,,,
Net Holding @1,"ג‚¹71,56,455","ג‚¹62,79,292","ג‚¹59,12,983","ג‚¹56,81,155","ג‚¹54,77,831","ג‚¹58,75,295","ג‚¹59,33,972","ג‚¹61,27,814","ג‚¹73,08,782","ג‚¹61,40,520","ג‚¹58,74,590","ג‚¹55,35,104","ג‚¹54,69,400","ג‚¹50,91,691","ג‚¹42,14,426","ג‚¹44,78,908","ג‚¹45,08,050","ג‚¹47,43,445","ג‚¹49,82,000","ג‚¹48,25,197","ג‚¹46,03,598","ג‚¹41,70,604","ג‚¹40,27,278","ג‚¹37,08,166","ג‚¹38,71,908","ג‚¹38,37,552","ג‚¹39,02,514","ג‚¹38,75,107","ג‚¹34,79,932","ג‚¹35,11,309","ג‚¹33,71,339","ג‚¹31,63,432","ג‚¹30,73,979","ג‚¹27,83,477","ג‚¹26,34,618","ג‚¹24,40,453","ג‚¹24,43,671","ג‚¹23,96,153","ג‚¹23,93,405","ג‚¹23,44,184","ג‚¹23,41,740","ג‚¹22,59,210","ג‚¹22,07,991","ג‚¹21,43,631",,,,,,,
A/c Balance,"ג‚¹9,59,196","ג‚¹11,05,371","ג‚¹8,58,294","ג‚¹7,41,667","ג‚¹8,55,793","ג‚¹6,10,512","ג‚¹8,39,714","ג‚¹12,01,706","ג‚¹14,85,445","ג‚¹16,57,474","ג‚¹16,20,694","ג‚¹15,18,047","ג‚¹17,43,159","ג‚¹13,30,917","ג‚¹5,37,456","ג‚¹7,95,480","ג‚¹6,08,555","ג‚¹7,87,167","ג‚¹11,46,734","ג‚¹9,39,817","ג‚¹8,51,183","ג‚¹6,57,890","ג‚¹5,80,375","ג‚¹1,80,282","ג‚¹4,24,422","ג‚¹5,22,410","ג‚¹6,00,191","ג‚¹7,19,178","ג‚¹5,07,718","ג‚¹5,95,823","ג‚¹5,34,988","ג‚¹3,92,210","ג‚¹4,05,986","ג‚¹3,22,025","ג‚¹3,09,717","ג‚¹2,74,144","ג‚¹2,74,779","ג‚¹1,95,912","ג‚¹3,12,730","ג‚¹4,59,240","ג‚¹3,50,199","ג‚¹3,02,816","ג‚¹2,44,348","ג‚¹2,43,833",,,,,,,
FDS,ג‚¹0,ג‚¹0,ג‚¹0,ג‚¹0,ג‚¹0,ג‚¹0,ג‚¹0,ג‚¹0,ג‚¹0,ג‚¹0,ג‚¹0,ג‚¹0,ג‚¹0,ג‚¹0,ג‚¹0,ג‚¹0,ג‚¹0,"ג‚¹1,30,416","ג‚¹1,30,416","ג‚¹1,30,416","ג‚¹1,30,416","ג‚¹1,30,416","ג‚¹1,30,416","ג‚¹1,30,416","ג‚¹1,30,416","ג‚¹1,30,416","ג‚¹1,30,416","ג‚¹1,40,416","ג‚¹1,40,416","ג‚¹1,33,222","ג‚¹1,33,222","ג‚¹1,33,222","ג‚¹1,33,222","ג‚¹1,33,222","ג‚¹1,33,222","ג‚¹1,33,222","ג‚¹1,33,222","ג‚¹1,33,222","ג‚¹1,23,222","ג‚¹1,47,222","ג‚¹1,95,469","ג‚¹80,608","ג‚¹1,02,683","ג‚¹1,02,683",,,,,,,
RDS,ג‚¹0,ג‚¹0,ג‚¹0,ג‚¹0,ג‚¹0,ג‚¹0,ג‚¹0,ג‚¹0,ג‚¹0,ג‚¹0,ג‚¹0,ג‚¹0,ג‚¹0,ג‚¹0,ג‚¹0,ג‚¹0,ג‚¹0,ג‚¹0,ג‚¹0,ג‚¹0,ג‚¹0,ג‚¹0,ג‚¹0,"ג‚¹1,50,000","ג‚¹1,50,000","ג‚¹1,40,000","ג‚¹1,30,000","ג‚¹1,65,000","ג‚¹1,55,000","ג‚¹1,40,000","ג‚¹1,25,000","ג‚¹1,10,000","ג‚¹95,000","ג‚¹80,000","ג‚¹65,000","ג‚¹50,000","ג‚¹35,000","ג‚¹20,000","ג‚¹5,000","ג‚¹18,291","ג‚¹18,291","ג‚¹1,26,636","ג‚¹1,25,136","ג‚¹1,13,636",,,,,,,
NPS T2,"ג‚¹5,44,154","ג‚¹5,33,154","ג‚¹5,33,154","ג‚¹5,33,154","ג‚¹5,33,154","ג‚¹5,33,154","ג‚¹5,33,154","ג‚¹5,33,154","ג‚¹5,33,154","ג‚¹5,33,154","ג‚¹5,11,831","ג‚¹4,89,360","ג‚¹4,52,730","ג‚¹4,65,780","ג‚¹4,64,211","ג‚¹4,63,369","ג‚¹4,44,821","ג‚¹4,54,278","ג‚¹4,38,653","ג‚¹4,23,949","ג‚¹4,01,707","ג‚¹3,74,120","ג‚¹3,59,499","ג‚¹3,46,139","ג‚¹3,35,675","ג‚¹3,15,303","ג‚¹3,02,742","ג‚¹2,84,260","ג‚¹2,65,252","ג‚¹2,52,402","ג‚¹2,42,919","ג‚¹2,28,368","ג‚¹2,12,143","ג‚¹2,01,885","ג‚¹1,90,032","ג‚¹1,77,760","ג‚¹1,67,617","ג‚¹1,59,197","ג‚¹1,50,911","ג‚¹1,01,231","ג‚¹60,828","ג‚¹60,702","ג‚¹41,000","ג‚¹1,000",,,,,,,
12%,ג‚¹0,ג‚¹0,ג‚¹0,ג‚¹0,ג‚¹0,ג‚¹0,ג‚¹0,ג‚¹0,ג‚¹0,ג‚¹0,ג‚¹0,ג‚¹0,ג‚¹0,ג‚¹0,ג‚¹0,ג‚¹0,ג‚¹0,ג‚¹0,ג‚¹0,ג‚¹0,ג‚¹0,ג‚¹0,ג‚¹0,ג‚¹0,ג‚¹0,ג‚¹0,ג‚¹0,ג‚¹0,ג‚¹0,ג‚¹0,ג‚¹0,ג‚¹0,ג‚¹0,ג‚¹0,ג‚¹0,ג‚¹0,"ג‚¹1,50,000","ג‚¹1,50,000","ג‚¹2,50,000","ג‚¹2,50,000","ג‚¹2,50,000","ג‚¹2,50,000","ג‚¹2,50,000","ג‚¹2,50,000",,,,,,,
TradeCred,ג‚¹0,ג‚¹0,ג‚¹0,ג‚¹0,ג‚¹0,ג‚¹0,ג‚¹0,ג‚¹0,ג‚¹0,ג‚¹0,ג‚¹0,ג‚¹0,ג‚¹0,ג‚¹0,ג‚¹0,ג‚¹0,"ג‚¹4,19,722","ג‚¹4,15,572","ג‚¹4,11,975","ג‚¹4,07,902","ג‚¹4,03,994","ג‚¹4,00,498","ג‚¹4,19,106","ג‚¹4,13,138","ג‚¹4,13,138","ג‚¹4,09,021","ג‚¹4,05,567","ג‚¹3,64,861","ג‚¹3,61,758","ג‚¹3,58,741","ג‚¹3,58,139","ג‚¹3,58,139","ג‚¹3,54,972","ג‚¹3,54,563","ג‚¹3,01,643","ג‚¹3,05,467","ג‚¹2,03,167","ג‚¹3,04,178","ג‚¹2,03,380","ג‚¹2,01,475","ג‚¹1,62,318","ג‚¹1,61,624","ג‚¹1,75,019","ג‚¹1,74,418",,,,,,,
,,,,,,,,,,,,,,,,,,,,,,,,,,,,,,,,,,,,,,,,,,,,,,,,,,,
NPS T1,"ג‚¹3,50,598","ג‚¹3,50,598","ג‚¹3,50,598","ג‚¹3,50,598","ג‚¹3,50,598","ג‚¹3,50,598","ג‚¹3,50,598","ג‚¹3,50,598","ג‚¹3,50,598","ג‚¹3,50,598","ג‚¹3,36,374","ג‚¹3,20,137","ג‚¹2,97,129","ג‚¹3,05,633","ג‚¹3,02,085","ג‚¹3,04,048","ג‚¹2,93,104","ג‚¹3,00,996","ג‚¹2,88,600","ג‚¹2,78,391","ג‚¹2,63,224","ג‚¹2,44,253","ג‚¹2,34,977","ג‚¹2,26,175","ג‚¹2,19,106","ג‚¹2,05,047","ג‚¹1,97,265","ג‚¹1,80,599","ג‚¹1,66,744","ג‚¹1,63,365","ג‚¹1,56,237","ג‚¹1,51,598","ג‚¹1,42,039","ג‚¹1,32,520","ג‚¹1,23,253","ג‚¹1,13,918","ג‚¹1,07,141","ג‚¹1,03,193","ג‚¹99,751","ג‚¹96,869","ג‚¹89,383","ג‚¹88,565","ג‚¹83,565","ג‚¹78,565",,,,,,,
EPF,"ג‚¹9,08,468","ג‚¹8,85,918","ג‚¹8,63,368","ג‚¹8,40,818","ג‚¹8,18,268","ג‚¹7,95,718","ג‚¹7,75,218","ג‚¹7,34,218","ג‚¹7,13,718","ג‚¹6,93,218","ג‚¹6,72,718","ג‚¹6,52,218","ג‚¹6,31,718","ג‚¹6,11,218","ג‚¹5,90,718","ג‚¹5,70,218","ג‚¹5,49,718","ג‚¹4,30,097","ג‚¹4,26,497","ג‚¹4,22,897","ג‚¹4,19,297","ג‚¹4,15,697","ג‚¹4,12,097","ג‚¹4,08,497","ג‚¹4,08,497","ג‚¹4,08,497","ג‚¹4,00,858","ג‚¹3,86,058","ג‚¹3,71,258","ג‚¹3,66,411","ג‚¹3,58,661","ג‚¹3,50,911","ג‚¹3,43,161","ג‚¹3,35,411","ג‚¹3,27,661","ג‚¹3,19,911","ג‚¹3,12,161","ג‚¹3,04,411","ג‚¹2,96,661","ג‚¹2,88,911","ג‚¹2,81,161","ג‚¹2,73,411","ג‚¹2,65,661","ג‚¹2,57,911",,,,,,,
PPF,"ג‚¹1,40,692","ג‚¹1,40,692","ג‚¹1,40,692","ג‚¹1,40,692","ג‚¹1,40,692","ג‚¹1,40,692","ג‚¹1,40,692","ג‚¹1,40,692","ג‚¹1,15,692","ג‚¹1,15,692","ג‚¹1,03,192","ג‚¹90,692","ג‚¹78,192","ג‚¹65,692","ג‚¹53,192","ג‚¹40,692","ג‚¹28,192","ג‚¹15,692","ג‚¹3,192","ג‚¹3,192","ג‚¹3,192","ג‚¹3,192","ג‚¹3,192","ג‚¹3,192","ג‚¹2,047","ג‚¹2,047","ג‚¹2,047","ג‚¹2,047","ג‚¹2,047","ג‚¹2,047","ג‚¹2,047","ג‚¹2,047","ג‚¹2,047","ג‚¹2,000","ג‚¹2,000","ג‚¹1,000","ג‚¹1,000","ג‚¹1,000","ג‚¹1,000","ג‚¹1,000","ג‚¹1,000","ג‚¹1,000","ג‚¹1,000","ג‚¹1,000","ג‚¹1,000",,,,,,
ELSS,"ג‚¹6,02,402","ג‚¹4,21,000","ג‚¹4,21,000","ג‚¹4,21,000","ג‚¹4,21,000","ג‚¹6,03,494","ג‚¹5,81,196","ג‚¹5,79,655","ג‚¹6,02,402","ג‚¹5,75,593","ג‚¹5,54,362","ג‚¹5,35,884","ג‚¹4,99,089","ג‚¹5,40,855","ג‚¹5,58,700","ג‚¹5,88,380","ג‚¹5,83,716","ג‚¹6,23,846","ג‚¹6,00,938","ג‚¹5,81,161","ג‚¹5,43,126","ג‚¹5,07,862","ג‚¹4,86,002","ג‚¹4,61,183","ג‚¹4,40,036","ג‚¹4,06,787","ג‚¹3,78,727","ג‚¹3,48,041","ג‚¹3,39,682","ג‚¹3,35,518","ג‚¹3,13,747","ג‚¹2,98,004","ג‚¹2,69,488","ג‚¹2,48,810","ג‚¹2,38,091","ג‚¹2,13,168","ג‚¹2,13,502","ג‚¹2,82,968","ג‚¹2,91,756","ג‚¹2,67,941","ג‚¹2,90,186","ג‚¹2,84,327","ג‚¹2,86,775","ג‚¹2,85,533",,,,,,,
MF ClearTax,"ג‚¹21,56,189","ג‚¹17,25,000","ג‚¹17,25,000","ג‚¹17,25,000","ג‚¹16,51,100","ג‚¹20,71,676","ג‚¹19,45,949","ג‚¹18,57,734","ג‚¹21,56,189","ג‚¹17,08,775","ג‚¹15,77,239","ג‚¹14,55,111","ג‚¹12,93,728","ג‚¹12,98,074","ג‚¹12,32,256","ג‚¹12,41,612","ג‚¹11,07,018","ג‚¹11,19,493","ג‚¹10,72,516","ג‚¹10,29,478","ג‚¹9,99,432","ג‚¹9,11,552","ג‚¹8,81,110","ג‚¹8,69,200","ג‚¹8,35,477","ג‚¹7,95,662","ג‚¹7,53,367","ג‚¹6,91,693","ג‚¹5,94,450","ג‚¹5,84,748","ג‚¹5,55,845","ג‚¹5,48,833","ג‚¹5,09,183","ג‚¹4,96,026","ג‚¹4,78,169","ג‚¹4,46,492","ג‚¹4,62,997","ג‚¹3,78,152","ג‚¹3,73,660","ג‚¹2,48,039","ג‚¹3,86,119","ג‚¹3,77,947","ג‚¹3,79,117","ג‚¹3,78,614",,,,,,,
MF Coin,"ג‚¹12,01,752","ג‚¹8,42,000","ג‚¹8,21,000","ג‚¹7,41,000","ג‚¹5,20,000","ג‚¹5,82,225","ג‚¹5,80,225","ג‚¹5,80,225","ג‚¹12,01,752","ג‚¹3,60,571","ג‚¹3,60,571","ג‚¹3,60,571","ג‚¹3,60,571","ג‚¹3,60,571","ג‚¹3,60,571","ג‚¹3,60,571","ג‚¹3,60,571","ג‚¹3,58,464","ג‚¹3,56,199","ג‚¹3,53,857","ג‚¹3,51,379","ג‚¹3,49,469","ג‚¹3,47,021","ג‚¹3,45,541","ג‚¹3,43,466","ג‚¹3,40,913","ג‚¹3,38,546","ג‚¹3,36,241","ג‚¹3,34,227","ג‚¹3,32,550","ג‚¹3,48,261","ג‚¹3,45,943","ג‚¹3,42,845","ג‚¹2,40,906","ג‚¹2,18,409","ג‚¹1,76,208","ג‚¹1,63,097","ג‚¹1,65,300","ג‚¹1,46,607","ג‚¹1,33,953","ג‚¹1,32,403","ג‚¹1,31,352","ג‚¹1,32,437","ג‚¹1,31,710",,,,,,,
Stocks+SGB,"ג‚¹2,93,004","ג‚¹2,75,559","ג‚¹1,99,877","ג‚¹1,87,226","ג‚¹1,87,226","ג‚¹1,87,226","ג‚¹1,87,226","ג‚¹1,49,832","ג‚¹1,49,832","ג‚¹1,45,445","ג‚¹1,37,609","ג‚¹1,13,084","ג‚¹1,13,084","ג‚¹1,12,951","ג‚¹1,15,237","ג‚¹1,14,538","ג‚¹1,12,633","ג‚¹1,07,424","ג‚¹1,06,280","ג‚¹2,54,137","ג‚¹2,36,648","ג‚¹1,75,655","ג‚¹1,73,483","ג‚¹1,74,403","ג‚¹1,69,628","ג‚¹1,61,449","ג‚¹2,62,788","ג‚¹2,56,713","ג‚¹2,41,380","ג‚¹2,46,482","ג‚¹2,42,273","ג‚¹2,44,157","ג‚¹2,63,893","ג‚¹2,36,109","ג‚¹2,47,421","ג‚¹2,29,163","ג‚¹2,19,988","ג‚¹1,98,620","ג‚¹1,38,727","ג‚¹1,30,012","ג‚¹1,24,383","ג‚¹1,20,222","ג‚¹1,21,250","ג‚¹1,24,728",,,,,,,
% change,13.97%,6.19%,4.08%,3.71%,-6.77%,-0.99%,-3.16%,-16.16%,19.03%,4.53%,6.13%,1.20%,7.42%,20.82%,-5.91%,-0.65%,-4.96%,-4.79%,3.25%,4.81%,10.38%,3.56%,8.61%,-4.23%,0.90%,-1.66%,0.71%,11.36%,-0.89%,4.15%,6.57%,2.91%,10.44%,5.65%,7.96%,-0.13%,1.98%,0.11%,2.10%,0.10%,3.65%,2.32%,3.00%,,,,,,,,
Total Investment,"ג‚¹61,97,259","ג‚¹51,73,921","ג‚¹50,54,689","ג‚¹49,39,488","ג‚¹46,22,038","ג‚¹52,64,783","ג‚¹50,94,258","ג‚¹49,26,108","ג‚¹58,23,337","ג‚¹44,83,046","ג‚¹42,53,896","ג‚¹40,17,057","ג‚¹37,26,241","ג‚¹37,60,774","ג‚¹36,76,970","ג‚¹36,83,428","ג‚¹38,99,495","ג‚¹39,56,278","ג‚¹38,35,266","ג‚¹38,85,380","ג‚¹37,52,415","ג‚¹35,12,714","ג‚¹34,46,903","ג‚¹35,27,884","ג‚¹34,47,486","ג‚¹33,15,142","ג‚¹33,02,323","ג‚¹31,55,929","ג‚¹29,72,214","ג‚¹29,15,486","ג‚¹28,36,351","ג‚¹27,71,222","ג‚¹26,67,993","ג‚¹24,61,452","ג‚¹23,24,901","ג‚¹21,66,309","ג‚¹21,68,892","ג‚¹22,00,241","ג‚¹20,80,675","ג‚¹18,84,944","ג‚¹19,91,541","ג‚¹19,56,394","ג‚¹19,63,643","ג‚¹18,99,798",,,,,,,
,,,,,,,,,,,,,,,,,,,,,,,,,,,,,,,,,,,,,,,,,,,,,,,,,,,
Available Cash,"ג‚¹15,03,350","ג‚¹16,38,525","ג‚¹13,91,448","ג‚¹12,74,821","ג‚¹13,88,947","ג‚¹11,43,666","ג‚¹13,72,868","ג‚¹17,34,860","ג‚¹20,18,599","ג‚¹21,90,628","ג‚¹21,32,525","ג‚¹20,07,407","ג‚¹21,95,889","ג‚¹17,96,697","ג‚¹10,01,667","ג‚¹12,58,849","ג‚¹14,73,098","ג‚¹17,87,433","ג‚¹21,27,778","ג‚¹19,02,084","ג‚¹17,87,300","ג‚¹15,62,924","ג‚¹14,89,396","ג‚¹12,19,975","ג‚¹14,53,651","ג‚¹15,17,150","ג‚¹15,68,916","ג‚¹16,73,715","ג‚¹14,30,144","ג‚¹14,80,188","ג‚¹13,94,268","ג‚¹12,21,939","ג‚¹12,01,323","ג‚¹10,91,695","ג‚¹9,99,614","ג‚¹9,40,593","ג‚¹9,63,785","ג‚¹9,62,509","ג‚¹10,45,243","ג‚¹11,77,459","ג‚¹10,37,105","ג‚¹9,82,386","ג‚¹9,38,186","ג‚¹8,85,570",,,,,,,
Available Hard Cash,"ג‚¹51,54,295","ג‚¹44,81,084","ג‚¹41,37,325","ג‚¹39,28,047","ג‚¹37,47,273","ג‚¹39,84,793","ג‚¹40,86,268","ג‚¹43,22,651","ג‚¹55,26,372","ג‚¹44,05,419","ג‚¹42,07,944","ג‚¹39,36,173","ג‚¹39,63,272","ג‚¹35,68,293","ג‚¹27,09,731","ג‚¹29,75,570","ג‚¹30,53,320","ג‚¹33,72,814","ג‚¹36,62,773","ג‚¹35,39,556","ג‚¹33,74,759","ג‚¹29,99,600","ג‚¹28,91,010","ג‚¹26,09,119","ג‚¹28,02,222","ג‚¹28,15,174","ג‚¹29,23,617","ג‚¹29,58,362","ג‚¹26,00,201","ג‚¹26,43,968","ג‚¹25,40,647","ג‚¹23,60,872","ג‚¹23,17,244","ג‚¹20,64,736","ג‚¹19,43,613","ג‚¹17,92,456","ג‚¹18,09,867","ג‚¹17,04,581","ג‚¹17,04,237","ג‚¹16,89,463","ג‚¹16,80,010","ג‚¹16,11,907","ג‚¹15,70,990","ג‚¹15,20,622",,,,,,,
Total Debt,"-4,365,305","-4,433,056","-4,487,692","-4,513,519","-4,484,629","-4,558,983","-4,551,084","-4,659,342","-4,653,583","-4,644,683","-4,680,576","-4,694,120","-4,713,228","-4,699,812","-4,719,444","-2,695,887","-2,739,672","-ג‚¹2,799,801","-ג‚¹2,719,825","-ג‚¹2,759,311","-ג‚¹2,676,912","-ג‚¹2,688,188","-ג‚¹2,694,308","-ג‚¹2,718,314","-ג‚¹2,908,788","-ג‚¹2,738,257","-ג‚¹2,742,619","-ג‚¹2,782,829","-ג‚¹2,826,130","-ג‚¹2,802,190","-ג‚¹2,783,915","-ג‚¹2,793,892","-ג‚¹2,855,306","-ג‚¹2,805,596","-ג‚¹2,806,677","-ג‚¹2,787,387","-ג‚¹2,799,852","-ג‚¹2,799,485","-ג‚¹2,806,533","-ג‚¹2,854,288","-ג‚¹2,872,146","-ג‚¹2,856,349","-ג‚¹2,879,012","-ג‚¹2,884,011",,,,,,,
Debt - Av Cash,"-ג‚¹2,861,955","-ג‚¹2,794,531","-ג‚¹3,096,244","-ג‚¹3,238,698","-ג‚¹3,095,682","-ג‚¹3,415,317","-ג‚¹3,178,216","-ג‚¹2,924,482","-ג‚¹2,634,984","-ג‚¹2,454,055","-ג‚¹2,548,051","-ג‚¹2,686,713","-ג‚¹2,517,339","-ג‚¹2,903,115","-ג‚¹3,717,777","-ג‚¹1,437,038","-ג‚¹1,266,574","-ג‚¹1,012,368","-ג‚¹592,047","-ג‚¹857,227","-ג‚¹889,612","-ג‚¹1,125,264","-ג‚¹1,204,912","-ג‚¹1,498,339","-ג‚¹1,455,137","-ג‚¹1,221,107","-ג‚¹1,173,703","-ג‚¹1,109,114","-ג‚¹1,395,986","-ג‚¹1,322,002","-ג‚¹1,389,647","-ג‚¹1,571,953","-ג‚¹1,653,983","-ג‚¹1,713,901","-ג‚¹1,807,063","-ג‚¹1,846,794","-ג‚¹1,836,067","-ג‚¹1,836,976","-ג‚¹1,761,290","-ג‚¹1,676,829","-ג‚¹1,835,041","-ג‚¹1,873,963","-ג‚¹1,940,826","-ג‚¹1,998,441",,,,,,,
Debt - Av Hard Cash,"ג‚¹7,88,990","ג‚¹48,028","-ג‚¹350,367","-ג‚¹585,472","-ג‚¹737,356","-ג‚¹574,190","-ג‚¹464,816","-ג‚¹336,691","ג‚¹8,72,789","-ג‚¹239,264","-ג‚¹472,632","-ג‚¹757,947","-ג‚¹749,956","-ג‚¹1,131,519","-ג‚¹2,009,713","ג‚¹2,79,683","ג‚¹3,13,648","ג‚¹5,73,013","ג‚¹9,42,948","ג‚¹7,80,245","ג‚¹6,97,847","ג‚¹3,11,412","ג‚¹1,96,702","-ג‚¹109,195","-ג‚¹106,566","ג‚¹76,917","ג‚¹1,80,998","ג‚¹1,75,533","-ג‚¹225,929","-ג‚¹158,222","-ג‚¹243,268","-ג‚¹433,020","-ג‚¹538,062","-ג‚¹740,860","-ג‚¹863,064","-ג‚¹994,931","-ג‚¹989,985","-ג‚¹1,094,904","-ג‚¹1,102,296","-ג‚¹1,164,825","-ג‚¹1,192,136","-ג‚¹1,244,442","-ג‚¹1,308,022","-ג‚¹1,363,389",,,,,,,
,,,,,,,,,,,,,,,,,,,,,,,,,,,,,,,,,,,,,,,,,,,,,,,,,,,
"Total Wealth=
Debt-Holding","ג‚¹27,91,150","ג‚¹18,46,236","ג‚¹14,25,291","ג‚¹11,67,636","ג‚¹9,93,202","ג‚¹13,16,312","ג‚¹13,82,888","ג‚¹14,68,472","ג‚¹26,55,199","ג‚¹14,95,837","ג‚¹11,94,014","ג‚¹8,40,984","ג‚¹7,56,172","ג‚¹3,91,879","-ג‚¹505,018","ג‚¹17,83,021","ג‚¹17,68,378","ג‚¹19,43,644","ג‚¹22,62,175","ג‚¹20,65,886","ג‚¹19,26,686","ג‚¹14,82,416","ג‚¹13,32,970","ג‚¹9,89,852","ג‚¹9,63,120","ג‚¹10,99,295","ג‚¹11,59,895","ג‚¹10,92,278","ג‚¹6,53,802","ג‚¹7,09,119","ג‚¹5,87,424","ג‚¹3,69,540","ג‚¹2,18,673","-ג‚¹22,119","-ג‚¹172,059","-ג‚¹346,934","-ג‚¹356,181","-ג‚¹403,332","-ג‚¹413,128","-ג‚¹510,104","-ג‚¹530,406","-ג‚¹597,139","-ג‚¹671,021","-ג‚¹740,380",,,,,,,
,,,,,,,,,,,,,,,,,,,,,,,,,,,,,,,,,,,,,,,,,,,,,,,,,,,
Side Hustle Earning,ג‚¹0,ג‚¹0,ג‚¹0,ג‚¹0,ג‚¹0,ג‚¹0,ג‚¹0,ג‚¹0,ג‚¹0,ג‚¹0,ג‚¹0,ג‚¹0,ג‚¹0,ג‚¹0,ג‚¹0,ג‚¹0,ג‚¹0,ג‚¹0,ג‚¹0,ג‚¹0,ג‚¹0,ג‚¹0,ג‚¹0,ג‚¹0,"ג‚¹1,28,817","ג‚¹1,28,817","ג‚¹1,28,817","ג‚¹1,28,817","ג‚¹1,28,817","ג‚¹1,28,817","ג‚¹1,19,149","ג‚¹1,13,749","ג‚¹1,13,749","ג‚¹91,296","ג‚¹71,946","ג‚¹71,946","ג‚¹55,971","ג‚¹27,171","ג‚¹7,758","ג‚¹1,22,168","ג‚¹68,233","ג‚¹49,378","ג‚¹35,230","ג‚¹24,160",,,,,,,
,,,,,,,,,,,,,,,,,,,,,,,,,,,,,,,,,,,,,,,,,,,,,,,,,,,
80C Contribution,"ג‚¹22,550","ג‚¹22,550","ג‚¹22,550","ג‚¹65,504","ג‚¹22,550","ג‚¹20,500","ג‚¹20,500","ג‚¹20,500","ג‚¹20,500","ג‚¹20,500","ג‚¹20,500","ג‚¹60,825","ג‚¹33,000","ג‚¹33,000","ג‚¹33,000","ג‚¹33,000","ג‚¹42,567","ג‚¹16,100","ג‚¹18,600","ג‚¹18,600","ג‚¹18,600","ג‚¹8,600","ג‚¹33,367","ג‚¹16,000","ג‚¹3,93,832","ג‚¹3,21,497","ג‚¹2,94,496","ג‚¹2,60,368","ג‚¹2,25,598","ג‚¹2,02,045","ג‚¹1,74,938","ג‚¹1,48,553","ג‚¹1,22,207","ג‚¹95,199","ג‚¹54,156","ג‚¹28,850","ג‚¹3,45,809","ג‚¹3,17,517","ג‚¹2,91,029","ג‚¹2,64,203","ג‚¹2,05,812","ג‚¹1,68,615","ג‚¹1,39,664","ג‚¹1,10,835","ג‚¹88,868","ג‚¹65,901","ג‚¹43,934","ג‚¹21,967",,,
80C Monthly Contri,"ג‚¹22,550","ג‚¹22,550","ג‚¹22,550","ג‚¹65,504","ג‚¹22,550","ג‚¹20,500","ג‚¹20,500","ג‚¹20,500","ג‚¹20,500","ג‚¹20,500","ג‚¹20,500","ג‚¹60,825","ג‚¹33,000","ג‚¹33,000","ג‚¹33,000","ג‚¹33,000","ג‚¹42,567","ג‚¹16,100","ג‚¹18,600","ג‚¹18,600","ג‚¹18,600","ג‚¹8,600","ג‚¹33,367","ג‚¹16,000","ג‚¹72,335","ג‚¹27,001","ג‚¹34,128","ג‚¹34,770","ג‚¹23,553","ג‚¹27,107","ג‚¹26,385","ג‚¹26,346","ג‚¹27,008","ג‚¹41,043","ג‚¹25,306","ג‚¹28,850","ג‚¹13,525","ג‚¹11,721","ג‚¹12,059","ג‚¹43,624","ג‚¹22,430","ג‚¹14,184","ג‚¹14,062","ג‚¹7,200","ג‚¹8,200","ג‚¹7,200","ג‚¹7,200","ג‚¹7,200",,,
80C Pending Amount,"-ג‚¹493,963","-ג‚¹471,413","-ג‚¹448,863","-ג‚¹426,313","-ג‚¹360,809","-ג‚¹338,259","-ג‚¹317,759","-ג‚¹297,259","-ג‚¹276,759","-ג‚¹256,259","-ג‚¹235,759","-ג‚¹215,259","-ג‚¹154,434","-ג‚¹121,434","-ג‚¹88,434","-ג‚¹55,434","-ג‚¹22,434","ג‚¹20,133","ג‚¹36,233","ג‚¹54,833","ג‚¹73,433","ג‚¹92,033","ג‚¹1,00,633","ג‚¹1,34,000","-ג‚¹243,832","-ג‚¹171,497","-ג‚¹144,496","-ג‚¹110,368","-ג‚¹75,598","-ג‚¹52,045","-ג‚¹24,938","ג‚¹1,447","ג‚¹27,793","ג‚¹54,801","ג‚¹95,844","ג‚¹1,21,150","-ג‚¹195,809","-ג‚¹167,517","-ג‚¹141,029","-ג‚¹114,203","-ג‚¹55,812","-ג‚¹18,615","ג‚¹10,336","ג‚¹39,165","ג‚¹61,132","ג‚¹84,099","ג‚¹1,06,066","ג‚¹1,28,033",,,